--------------------------------------------------------
--  파일이 생성됨 - 수요일-10월-21-2020   
--------------------------------------------------------
--------------------------------------------------------
--  DDL for Sequence CATEGORY_SEQ
--------------------------------------------------------

   CREATE SEQUENCE  "KIOSK"."CATEGORY_SEQ"  MINVALUE 1 MAXVALUE 9999999999999999999999999999 INCREMENT BY 1 START WITH 446 CACHE 20 NOORDER  NOCYCLE ;
--------------------------------------------------------
--  DDL for Sequence DEFAULTMENU_SEQ
--------------------------------------------------------

   CREATE SEQUENCE  "KIOSK"."DEFAULTMENU_SEQ"  MINVALUE 1 MAXVALUE 9999999999999999999999999999 INCREMENT BY 1 START WITH 7 CACHE 20 NOORDER  NOCYCLE ;
--------------------------------------------------------
--  DDL for Sequence INFO_SEQ
--------------------------------------------------------

   CREATE SEQUENCE  "KIOSK"."INFO_SEQ"  MINVALUE 1 MAXVALUE 9999999999999999999999999999 INCREMENT BY 1 START WITH 2 CACHE 20 NOORDER  NOCYCLE ;
--------------------------------------------------------
--  DDL for Sequence MENU_SEQ
--------------------------------------------------------

   CREATE SEQUENCE  "KIOSK"."MENU_SEQ"  MINVALUE 1 MAXVALUE 9999999999999999999999999999 INCREMENT BY 1 START WITH 608 CACHE 20 NOORDER  NOCYCLE ;
--------------------------------------------------------
--  DDL for Sequence SEQ_STATISTICS
--------------------------------------------------------

   CREATE SEQUENCE  "KIOSK"."SEQ_STATISTICS"  MINVALUE 1 MAXVALUE 9999999999999999999999999999 INCREMENT BY 1 START WITH 1092 CACHE 20 NOORDER  NOCYCLE ;
--------------------------------------------------------
--  DDL for Sequence SETMENU_SEQ
--------------------------------------------------------

   CREATE SEQUENCE  "KIOSK"."SETMENU_SEQ"  MINVALUE 1 MAXVALUE 9999999999999999999999999999 INCREMENT BY 1 START WITH 62 CACHE 20 NOORDER  NOCYCLE ;
--------------------------------------------------------
--  DDL for Sequence SETUNIT_SEQ
--------------------------------------------------------

   CREATE SEQUENCE  "KIOSK"."SETUNIT_SEQ"  MINVALUE 1 MAXVALUE 9999999999999999999999999999 INCREMENT BY 1 START WITH 79 CACHE 20 NOORDER  NOCYCLE ;
--------------------------------------------------------
--  DDL for Sequence STORE_SEQ
--------------------------------------------------------

   CREATE SEQUENCE  "KIOSK"."STORE_SEQ"  MINVALUE 1 MAXVALUE 9999999999999999999999999999 INCREMENT BY 1 START WITH 21 CACHE 20 NOORDER  NOCYCLE ;
--------------------------------------------------------
--  DDL for Sequence TOPPING_SEQ
--------------------------------------------------------

   CREATE SEQUENCE  "KIOSK"."TOPPING_SEQ"  MINVALUE 1 MAXVALUE 9999999999999999999999999999 INCREMENT BY 1 START WITH 150 CACHE 20 NOORDER  NOCYCLE ;
--------------------------------------------------------
--  DDL for Sequence USERS_SEQ
--------------------------------------------------------

   CREATE SEQUENCE  "KIOSK"."USERS_SEQ"  MINVALUE 1 MAXVALUE 9999999999999999999999999999 INCREMENT BY 1 START WITH 8 CACHE 20 NOORDER  NOCYCLE ;
--------------------------------------------------------
--  DDL for Table CATEGORY
--------------------------------------------------------

  CREATE TABLE "KIOSK"."CATEGORY" 
   (	"CATEGORYNO" NUMBER, 
	"STORENO" NUMBER, 
	"CATEGORYNAME" VARCHAR2(100 BYTE), 
	"PUBLICYN" NUMBER, 
	"CATEGORYIMG" VARCHAR2(200 BYTE), 
	"HIGHLIGHT" NUMBER DEFAULT '0'
   ) SEGMENT CREATION IMMEDIATE 
  PCTFREE 10 PCTUSED 40 INITRANS 1 MAXTRANS 255 NOCOMPRESS LOGGING
  STORAGE(INITIAL 65536 NEXT 1048576 MINEXTENTS 1 MAXEXTENTS 2147483645
  PCTINCREASE 0 FREELISTS 1 FREELIST GROUPS 1 BUFFER_POOL DEFAULT FLASH_CACHE DEFAULT CELL_FLASH_CACHE DEFAULT)
  TABLESPACE "SYSTEM" ;
--------------------------------------------------------
--  DDL for Table DEFAULTMENU
--------------------------------------------------------

  CREATE TABLE "KIOSK"."DEFAULTMENU" 
   (	"MENUNO" NUMBER, 
	"UNITNO" NUMBER
   ) SEGMENT CREATION IMMEDIATE 
  PCTFREE 10 PCTUSED 40 INITRANS 1 MAXTRANS 255 NOCOMPRESS LOGGING
  STORAGE(INITIAL 65536 NEXT 1048576 MINEXTENTS 1 MAXEXTENTS 2147483645
  PCTINCREASE 0 FREELISTS 1 FREELIST GROUPS 1 BUFFER_POOL DEFAULT FLASH_CACHE DEFAULT CELL_FLASH_CACHE DEFAULT)
  TABLESPACE "SYSTEM" ;
--------------------------------------------------------
--  DDL for Table INFO
--------------------------------------------------------

  CREATE TABLE "KIOSK"."INFO" 
   (	"INFONO" NUMBER, 
	"MENUNO" NUMBER, 
	"CALORIE" NUMBER
   ) SEGMENT CREATION IMMEDIATE 
  PCTFREE 10 PCTUSED 40 INITRANS 1 MAXTRANS 255 NOCOMPRESS LOGGING
  STORAGE(INITIAL 65536 NEXT 1048576 MINEXTENTS 1 MAXEXTENTS 2147483645
  PCTINCREASE 0 FREELISTS 1 FREELIST GROUPS 1 BUFFER_POOL DEFAULT FLASH_CACHE DEFAULT CELL_FLASH_CACHE DEFAULT)
  TABLESPACE "SYSTEM" ;
--------------------------------------------------------
--  DDL for Table MENU
--------------------------------------------------------

  CREATE TABLE "KIOSK"."MENU" 
   (	"MENUNO" NUMBER, 
	"CATEGORYNO" NUMBER, 
	"MENUNAME" VARCHAR2(100 BYTE), 
	"MENUDESC" VARCHAR2(500 BYTE), 
	"MENUPRICE" NUMBER, 
	"MENUIMG" VARCHAR2(200 BYTE), 
	"ISSPECIAL" NUMBER DEFAULT 0, 
	"ISCHANGE" NUMBER DEFAULT '0', 
	"UNITNO" NUMBER, 
	"DISCOUNT" NUMBER, 
	"EDITIMG" VARCHAR2(200 BYTE) DEFAULT '-', 
	"THUMBNAILIMG" VARCHAR2(200 BYTE) DEFAULT '-'
   ) SEGMENT CREATION IMMEDIATE 
  PCTFREE 10 PCTUSED 40 INITRANS 1 MAXTRANS 255 NOCOMPRESS LOGGING
  STORAGE(INITIAL 65536 NEXT 1048576 MINEXTENTS 1 MAXEXTENTS 2147483645
  PCTINCREASE 0 FREELISTS 1 FREELIST GROUPS 1 BUFFER_POOL DEFAULT FLASH_CACHE DEFAULT CELL_FLASH_CACHE DEFAULT)
  TABLESPACE "SYSTEM" ;
--------------------------------------------------------
--  DDL for Table PROMOTIONMENU
--------------------------------------------------------

  CREATE TABLE "KIOSK"."PROMOTIONMENU" 
   (	"MENUNO" NUMBER, 
	"PROMOTIONNO" NUMBER
   ) SEGMENT CREATION IMMEDIATE 
  PCTFREE 10 PCTUSED 40 INITRANS 1 MAXTRANS 255 NOCOMPRESS LOGGING
  STORAGE(INITIAL 65536 NEXT 1048576 MINEXTENTS 1 MAXEXTENTS 2147483645
  PCTINCREASE 0 FREELISTS 1 FREELIST GROUPS 1 BUFFER_POOL DEFAULT FLASH_CACHE DEFAULT CELL_FLASH_CACHE DEFAULT)
  TABLESPACE "SYSTEM" ;
--------------------------------------------------------
--  DDL for Table SETUNIT
--------------------------------------------------------

  CREATE TABLE "KIOSK"."SETUNIT" 
   (	"UNITNO" NUMBER, 
	"STORENO" NUMBER, 
	"UNITNAME" VARCHAR2(50 BYTE)
   ) SEGMENT CREATION IMMEDIATE 
  PCTFREE 10 PCTUSED 40 INITRANS 1 MAXTRANS 255 NOCOMPRESS LOGGING
  STORAGE(INITIAL 65536 NEXT 1048576 MINEXTENTS 1 MAXEXTENTS 2147483645
  PCTINCREASE 0 FREELISTS 1 FREELIST GROUPS 1 BUFFER_POOL DEFAULT FLASH_CACHE DEFAULT CELL_FLASH_CACHE DEFAULT)
  TABLESPACE "SYSTEM" ;
--------------------------------------------------------
--  DDL for Table SPECIALMENU
--------------------------------------------------------

  CREATE TABLE "KIOSK"."SPECIALMENU" 
   (	"MENUNO" NUMBER, 
	"STORENO" NUMBER
   ) SEGMENT CREATION IMMEDIATE 
  PCTFREE 10 PCTUSED 40 INITRANS 1 MAXTRANS 255 NOCOMPRESS LOGGING
  STORAGE(INITIAL 65536 NEXT 1048576 MINEXTENTS 1 MAXEXTENTS 2147483645
  PCTINCREASE 0 FREELISTS 1 FREELIST GROUPS 1 BUFFER_POOL DEFAULT FLASH_CACHE DEFAULT CELL_FLASH_CACHE DEFAULT)
  TABLESPACE "SYSTEM" ;
--------------------------------------------------------
--  DDL for Table STATISTICS
--------------------------------------------------------

  CREATE TABLE "KIOSK"."STATISTICS" 
   (	"STATISTICSNO" NUMBER, 
	"STORENO" NUMBER, 
	"ENDPOINT" VARCHAR2(50 BYTE), 
	"LEVELS" VARCHAR2(20 BYTE), 
	"CHALLENGEDATE" DATE DEFAULT sysdate
   ) SEGMENT CREATION IMMEDIATE 
  PCTFREE 10 PCTUSED 40 INITRANS 1 MAXTRANS 255 NOCOMPRESS LOGGING
  STORAGE(INITIAL 65536 NEXT 1048576 MINEXTENTS 1 MAXEXTENTS 2147483645
  PCTINCREASE 0 FREELISTS 1 FREELIST GROUPS 1 BUFFER_POOL DEFAULT FLASH_CACHE DEFAULT CELL_FLASH_CACHE DEFAULT)
  TABLESPACE "SYSTEM" ;
--------------------------------------------------------
--  DDL for Table STORE
--------------------------------------------------------

  CREATE TABLE "KIOSK"."STORE" 
   (	"STORENO" NUMBER, 
	"STORENAME" VARCHAR2(20 BYTE), 
	"STORELOGO" VARCHAR2(200 BYTE), 
	"USERNO" NUMBER
   ) SEGMENT CREATION IMMEDIATE 
  PCTFREE 10 PCTUSED 40 INITRANS 1 MAXTRANS 255 NOCOMPRESS LOGGING
  STORAGE(INITIAL 65536 NEXT 1048576 MINEXTENTS 1 MAXEXTENTS 2147483645
  PCTINCREASE 0 FREELISTS 1 FREELIST GROUPS 1 BUFFER_POOL DEFAULT FLASH_CACHE DEFAULT CELL_FLASH_CACHE DEFAULT)
  TABLESPACE "SYSTEM" ;
--------------------------------------------------------
--  DDL for Table TEST
--------------------------------------------------------

  CREATE TABLE "KIOSK"."TEST" 
   (	"TEST1" DATE, 
	"TEST2" NUMBER
   ) SEGMENT CREATION IMMEDIATE 
  PCTFREE 10 PCTUSED 40 INITRANS 1 MAXTRANS 255 NOCOMPRESS LOGGING
  STORAGE(INITIAL 65536 NEXT 1048576 MINEXTENTS 1 MAXEXTENTS 2147483645
  PCTINCREASE 0 FREELISTS 1 FREELIST GROUPS 1 BUFFER_POOL DEFAULT FLASH_CACHE DEFAULT CELL_FLASH_CACHE DEFAULT)
  TABLESPACE "SYSTEM" ;
--------------------------------------------------------
--  DDL for Table TOPPING
--------------------------------------------------------

  CREATE TABLE "KIOSK"."TOPPING" 
   (	"TOPPINGNO" NUMBER, 
	"STORENO" NUMBER, 
	"TOPPINGNAME" VARCHAR2(50 BYTE), 
	"TOPPINGPRICE" NUMBER, 
	"TOPPINGIMG" VARCHAR2(200 BYTE)
   ) SEGMENT CREATION IMMEDIATE 
  PCTFREE 10 PCTUSED 40 INITRANS 1 MAXTRANS 255 NOCOMPRESS LOGGING
  STORAGE(INITIAL 65536 NEXT 1048576 MINEXTENTS 1 MAXEXTENTS 2147483645
  PCTINCREASE 0 FREELISTS 1 FREELIST GROUPS 1 BUFFER_POOL DEFAULT FLASH_CACHE DEFAULT CELL_FLASH_CACHE DEFAULT)
  TABLESPACE "SYSTEM" ;
--------------------------------------------------------
--  DDL for Table USEMENU
--------------------------------------------------------

  CREATE TABLE "KIOSK"."USEMENU" 
   (	"MENUNO" NUMBER, 
	"SETNO" NUMBER
   ) SEGMENT CREATION IMMEDIATE 
  PCTFREE 10 PCTUSED 40 INITRANS 1 MAXTRANS 255 NOCOMPRESS LOGGING
  STORAGE(INITIAL 65536 NEXT 1048576 MINEXTENTS 1 MAXEXTENTS 2147483645
  PCTINCREASE 0 FREELISTS 1 FREELIST GROUPS 1 BUFFER_POOL DEFAULT FLASH_CACHE DEFAULT CELL_FLASH_CACHE DEFAULT)
  TABLESPACE "SYSTEM" ;
--------------------------------------------------------
--  DDL for Table USERS
--------------------------------------------------------

  CREATE TABLE "KIOSK"."USERS" 
   (	"USERNO" NUMBER, 
	"USERID" VARCHAR2(50 BYTE), 
	"USERPW" VARCHAR2(50 BYTE)
   ) SEGMENT CREATION IMMEDIATE 
  PCTFREE 10 PCTUSED 40 INITRANS 1 MAXTRANS 255 NOCOMPRESS LOGGING
  STORAGE(INITIAL 65536 NEXT 1048576 MINEXTENTS 1 MAXEXTENTS 2147483645
  PCTINCREASE 0 FREELISTS 1 FREELIST GROUPS 1 BUFFER_POOL DEFAULT FLASH_CACHE DEFAULT CELL_FLASH_CACHE DEFAULT)
  TABLESPACE "SYSTEM" ;
--------------------------------------------------------
--  DDL for Table USETOPPING
--------------------------------------------------------

  CREATE TABLE "KIOSK"."USETOPPING" 
   (	"MENUNO" NUMBER, 
	"TOPPINGNO" NUMBER
   ) SEGMENT CREATION IMMEDIATE 
  PCTFREE 10 PCTUSED 40 INITRANS 1 MAXTRANS 255 NOCOMPRESS LOGGING
  STORAGE(INITIAL 65536 NEXT 1048576 MINEXTENTS 1 MAXEXTENTS 2147483645
  PCTINCREASE 0 FREELISTS 1 FREELIST GROUPS 1 BUFFER_POOL DEFAULT FLASH_CACHE DEFAULT CELL_FLASH_CACHE DEFAULT)
  TABLESPACE "SYSTEM" ;
REM INSERTING into KIOSK.CATEGORY
SET DEFINE OFF;
Insert into KIOSK.CATEGORY (CATEGORYNO,STORENO,CATEGORYNAME,PUBLICYN,CATEGORYIMG,HIGHLIGHT) values (7,1,'사이드',1,'1601728154793242c4b76-f0fb-45d1-a163-62a628dead2c.png',0);
Insert into KIOSK.CATEGORY (CATEGORYNO,STORENO,CATEGORYNAME,PUBLICYN,CATEGORYIMG,HIGHLIGHT) values (11,2,'디저트/치킨',1,null,0);
Insert into KIOSK.CATEGORY (CATEGORYNO,STORENO,CATEGORYNAME,PUBLICYN,CATEGORYIMG,HIGHLIGHT) values (12,2,'음료/커피',1,null,0);
Insert into KIOSK.CATEGORY (CATEGORYNO,STORENO,CATEGORYNAME,PUBLICYN,CATEGORYIMG,HIGHLIGHT) values (4,2,'추천메뉴',1,null,0);
Insert into KIOSK.CATEGORY (CATEGORYNO,STORENO,CATEGORYNAME,PUBLICYN,CATEGORYIMG,HIGHLIGHT) values (5,2,'햄버거',1,null,0);
Insert into KIOSK.CATEGORY (CATEGORYNO,STORENO,CATEGORYNAME,PUBLICYN,CATEGORYIMG,HIGHLIGHT) values (6,1,'치킨',1,'1601728164780b8759c65-190b-43b3-91f7-9765c6a56b23.png',0);
Insert into KIOSK.CATEGORY (CATEGORYNO,STORENO,CATEGORYNAME,PUBLICYN,CATEGORYIMG,HIGHLIGHT) values (27,1,'버거/세트/박스',1,'160172814343136faead0-ddfc-4d99-ad89-bd456ed7f65c.png',0);
Insert into KIOSK.CATEGORY (CATEGORYNO,STORENO,CATEGORYNAME,PUBLICYN,CATEGORYIMG,HIGHLIGHT) values (28,2,'세트_디저트',0,null,0);
Insert into KIOSK.CATEGORY (CATEGORYNO,STORENO,CATEGORYNAME,PUBLICYN,CATEGORYIMG,HIGHLIGHT) values (29,2,'세트_드링크',0,null,0);
Insert into KIOSK.CATEGORY (CATEGORYNO,STORENO,CATEGORYNAME,PUBLICYN,CATEGORYIMG,HIGHLIGHT) values (48,1,'음료',1,'16017281313991c946ec0-2da8-40f1-b1fa-74e57c503feb.png',0);
Insert into KIOSK.CATEGORY (CATEGORYNO,STORENO,CATEGORYNAME,PUBLICYN,CATEGORYIMG,HIGHLIGHT) values (378,2,'선택_드링크(1)',0,'선택드링크1',0);
Insert into KIOSK.CATEGORY (CATEGORYNO,STORENO,CATEGORYNAME,PUBLICYN,CATEGORYIMG,HIGHLIGHT) values (384,2,'양념시즈닝',0,'양념시즈닝',0);
Insert into KIOSK.CATEGORY (CATEGORYNO,STORENO,CATEGORYNAME,PUBLICYN,CATEGORYIMG,HIGHLIGHT) values (379,2,'선택_드링크(2)',0,'선택드링크2',0);
Insert into KIOSK.CATEGORY (CATEGORYNO,STORENO,CATEGORYNAME,PUBLICYN,CATEGORYIMG,HIGHLIGHT) values (382,2,'치킨팩 디저트',0,null,0);
Insert into KIOSK.CATEGORY (CATEGORYNO,STORENO,CATEGORYNAME,PUBLICYN,CATEGORYIMG,HIGHLIGHT) values (383,2,'치킨팩_소스',0,null,0);
Insert into KIOSK.CATEGORY (CATEGORYNO,STORENO,CATEGORYNAME,PUBLICYN,CATEGORYIMG,HIGHLIGHT) values (1,1,'매장행사',1,'1601715687380ae2a1613-1d87-4386-be0a-4fb0e699bde9.png',1);
Insert into KIOSK.CATEGORY (CATEGORYNO,STORENO,CATEGORYNAME,PUBLICYN,CATEGORYIMG,HIGHLIGHT) values (2,1,'신메뉴',1,'16017158118931a31d351-1043-4cd2-809c-b14ef65124db.png',2);
REM INSERTING into KIOSK.DEFAULTMENU
SET DEFINE OFF;
Insert into KIOSK.DEFAULTMENU (MENUNO,UNITNO) values (163,2);
Insert into KIOSK.DEFAULTMENU (MENUNO,UNITNO) values (168,78);
Insert into KIOSK.DEFAULTMENU (MENUNO,UNITNO) values (213,78);
Insert into KIOSK.DEFAULTMENU (MENUNO,UNITNO) values (203,1);
Insert into KIOSK.DEFAULTMENU (MENUNO,UNITNO) values (212,1);
Insert into KIOSK.DEFAULTMENU (MENUNO,UNITNO) values (212,2);
Insert into KIOSK.DEFAULTMENU (MENUNO,UNITNO) values (203,2);
REM INSERTING into KIOSK.INFO
SET DEFINE OFF;
REM INSERTING into KIOSK.MENU
SET DEFINE OFF;
Insert into KIOSK.MENU (MENUNO,CATEGORYNO,MENUNAME,MENUDESC,MENUPRICE,MENUIMG,ISSPECIAL,ISCHANGE,UNITNO,DISCOUNT,EDITIMG,THUMBNAILIMG) values (14,5,'폴더버거 비프','비프세트임',5700,'폴더버거비프.jpg',0,0,5,0,'-','-');
Insert into KIOSK.MENU (MENUNO,CATEGORYNO,MENUNAME,MENUDESC,MENUPRICE,MENUIMG,ISSPECIAL,ISCHANGE,UNITNO,DISCOUNT,EDITIMG,THUMBNAILIMG) values (15,5,'리아미라클 버거','뭔지 모름',5600,'리아미라클버거.jpg',0,0,5,0,'-','-');
Insert into KIOSK.MENU (MENUNO,CATEGORYNO,MENUNAME,MENUDESC,MENUPRICE,MENUIMG,ISSPECIAL,ISCHANGE,UNITNO,DISCOUNT,EDITIMG,THUMBNAILIMG) values (45,5,'모짜렐라인더버거 베이컨','자연산 모짜렐라 치즈에 노릇노릇한 베이컨, 레터스, 소스가 어우러진 풍부한 맛의 모짜렐라 인더버거 베이컨',6000,'모짜렐라인더버거-베이컨.jpg',0,0,5,0,'-','-');
Insert into KIOSK.MENU (MENUNO,CATEGORYNO,MENUNAME,MENUDESC,MENUPRICE,MENUIMG,ISSPECIAL,ISCHANGE,UNITNO,DISCOUNT,EDITIMG,THUMBNAILIMG) values (46,5,'클래식치즈버거','부드럽고 촉촉한 포테이토번과 풍부한 육즙의 두툼한 호주산 쇠고기패티로 본연의 맛을 꽉 채운 클래식 치즈버거',4400,'클래식치즈버거.jpg',0,0,5,0,'-','-');
Insert into KIOSK.MENU (MENUNO,CATEGORYNO,MENUNAME,MENUDESC,MENUPRICE,MENUIMG,ISSPECIAL,ISCHANGE,UNITNO,DISCOUNT,EDITIMG,THUMBNAILIMG) values (61,5,'와규에디션2','부드러운 와규와 시그니처 소스의 콜라보',5800,'와규에디션2.jpg',0,0,5,0,'-','-');
Insert into KIOSK.MENU (MENUNO,CATEGORYNO,MENUNAME,MENUDESC,MENUPRICE,MENUIMG,ISSPECIAL,ISCHANGE,UNITNO,DISCOUNT,EDITIMG,THUMBNAILIMG) values (62,5,'더블X2','순 비프패티 2장, 치즈 2장을 활용하여 맛이 조화로운 정통 아메리칸 버거 제품',5500,'더블X2.jpg',0,0,5,0,'-','-');
Insert into KIOSK.MENU (MENUNO,CATEGORYNO,MENUNAME,MENUDESC,MENUPRICE,MENUIMG,ISSPECIAL,ISCHANGE,UNITNO,DISCOUNT,EDITIMG,THUMBNAILIMG) values (63,5,'AZ버거','육즙 가득 순쇠고기 패티와 통밀발효종 효모가 사용되어 부드러운 브리오쉬 번 좋은 재료와 맛의 A to Z를 느낄 수 있는 프리미엄 제품',6600,'AZ버거.jpg',0,0,5,0,'-','-');
Insert into KIOSK.MENU (MENUNO,CATEGORYNO,MENUNAME,MENUDESC,MENUPRICE,MENUIMG,ISSPECIAL,ISCHANGE,UNITNO,DISCOUNT,EDITIMG,THUMBNAILIMG) values (13,5,'폴더버거 핫치킨','갤럭시 폴더처럼 먹어보자.',5700,'폴더버거핫치킨.jpg',0,0,5,0,'-','-');
Insert into KIOSK.MENU (MENUNO,CATEGORYNO,MENUNAME,MENUDESC,MENUPRICE,MENUIMG,ISSPECIAL,ISCHANGE,UNITNO,DISCOUNT,EDITIMG,THUMBNAILIMG) values (64,5,'원조빅불','불고기 특유의 소스와 쇠고기의 진함을 배로 느끼는 제품',5800,'원조빅불.jpg',0,0,5,0,'-','-');
Insert into KIOSK.MENU (MENUNO,CATEGORYNO,MENUNAME,MENUDESC,MENUPRICE,MENUIMG,ISSPECIAL,ISCHANGE,UNITNO,DISCOUNT,EDITIMG,THUMBNAILIMG) values (41,4,'레몬에이드L','레몬의 상큼함을 상쾌하고 시원하게 즐길 수 있는 대용량 제품',2800,'레몬에이드L.jpg',1,0,5,0,'-','-');
Insert into KIOSK.MENU (MENUNO,CATEGORYNO,MENUNAME,MENUDESC,MENUPRICE,MENUIMG,ISSPECIAL,ISCHANGE,UNITNO,DISCOUNT,EDITIMG,THUMBNAILIMG) values (42,4,'아이스티L','달콤한 복숭아 맛의 시원한 대용량 아이스 드링크',2500,'아이스티L.jpg',1,0,5,0,'-','-');
Insert into KIOSK.MENU (MENUNO,CATEGORYNO,MENUNAME,MENUDESC,MENUPRICE,MENUIMG,ISSPECIAL,ISCHANGE,UNITNO,DISCOUNT,EDITIMG,THUMBNAILIMG) values (65,5,'핫크리스피버거','토마토와 레타스등의 야채와 하바네로香이 가미된 가슴살로 만든 매콤한 Premium 치킨버거',4900,'핫크리스피버거.jpg',0,0,5,0,'-','-');
Insert into KIOSK.MENU (MENUNO,CATEGORYNO,MENUNAME,MENUDESC,MENUPRICE,MENUIMG,ISSPECIAL,ISCHANGE,UNITNO,DISCOUNT,EDITIMG,THUMBNAILIMG) values (66,5,'한우불고기','100% 우리 한우로 만든 두툼한 패티와 부드럽고 촉촉한 포테이토번이 만나 더 맛있어진 NEW 한우불고기',7000,'한우불고기.jpg',0,0,5,0,'-','-');
Insert into KIOSK.MENU (MENUNO,CATEGORYNO,MENUNAME,MENUDESC,MENUPRICE,MENUIMG,ISSPECIAL,ISCHANGE,UNITNO,DISCOUNT,EDITIMG,THUMBNAILIMG) values (67,5,'불고기버거','불고기버거 볼륨 가득한 패티와 불고기 소스가 잘 조화된 영양만점의 햄버거',3900,'불고기버거.jpg',0,0,5,0,'-','-');
Insert into KIOSK.MENU (MENUNO,CATEGORYNO,MENUNAME,MENUDESC,MENUPRICE,MENUIMG,ISSPECIAL,ISCHANGE,UNITNO,DISCOUNT,EDITIMG,THUMBNAILIMG) values (68,5,'새우버거','더 커지고, 더 맛있어진 새우 패티로 고유의 맛을 강화한 오리지널 새우버거',3900,'새우버거.jpg',0,0,5,0,'-','-');
Insert into KIOSK.MENU (MENUNO,CATEGORYNO,MENUNAME,MENUDESC,MENUPRICE,MENUIMG,ISSPECIAL,ISCHANGE,UNITNO,DISCOUNT,EDITIMG,THUMBNAILIMG) values (69,5,'T-Rex','번스보다 큰 "통다리살" 치킨패티를 활용한 버거제품',3700,'T-Rex.jpg',0,0,5,0,'-','-');
Insert into KIOSK.MENU (MENUNO,CATEGORYNO,MENUNAME,MENUDESC,MENUPRICE,MENUIMG,ISSPECIAL,ISCHANGE,UNITNO,DISCOUNT,EDITIMG,THUMBNAILIMG) values (71,27,'치킨불고기버거','불고기 소스로 맛도 실속도 최고!',4200,'a.png',0,0,null,0,'-','-');
Insert into KIOSK.MENU (MENUNO,CATEGORYNO,MENUNAME,MENUDESC,MENUPRICE,MENUIMG,ISSPECIAL,ISCHANGE,UNITNO,DISCOUNT,EDITIMG,THUMBNAILIMG) values (72,5,'데리버거','풍성한 레터스에 마요네즈,독특한 데리소스가 포인트인 햄버거',2500,'데리버거.jpg',0,0,5,0,'-','-');
Insert into KIOSK.MENU (MENUNO,CATEGORYNO,MENUNAME,MENUDESC,MENUPRICE,MENUIMG,ISSPECIAL,ISCHANGE,UNITNO,DISCOUNT,EDITIMG,THUMBNAILIMG) values (73,27,'트위스터','담백한 닭가슴살을 신선한 야채와 또띠아에 말아만든 트위스터',4200,'twister.png',0,0,null,0,'-','-');
Insert into KIOSK.MENU (MENUNO,CATEGORYNO,MENUNAME,MENUDESC,MENUPRICE,MENUIMG,ISSPECIAL,ISCHANGE,UNITNO,DISCOUNT,EDITIMG,THUMBNAILIMG) values (81,11,'치즈인더에그','고소짭짤한 체다치즈와 달콤한 맛이 조화로운 "단짠" 맛의 계란 모양 치즈볼',3000,'1601946094212ca365adc-0988-4a3a-9c86-a28ee7de6a7d.jpg',0,0,5,0,'-','-');
Insert into KIOSK.MENU (MENUNO,CATEGORYNO,MENUNAME,MENUDESC,MENUPRICE,MENUIMG,ISSPECIAL,ISCHANGE,UNITNO,DISCOUNT,EDITIMG,THUMBNAILIMG) values (76,27,'핫치즈징거버거','매콤한 치폴레 소스를 징거버거를 뿌려 매력적인 버거',5900,'b.png',0,0,null,0,'-','-');
Insert into KIOSK.MENU (MENUNO,CATEGORYNO,MENUNAME,MENUDESC,MENUPRICE,MENUIMG,ISSPECIAL,ISCHANGE,UNITNO,DISCOUNT,EDITIMG,THUMBNAILIMG) values (77,27,'타워버거','두툼한 통가슴살 필렛과 해시브라운, 슬라이스 치즈까지 KFC 시그니쳐 버거!',6200,'c.png',0,0,null,0,'-','-');
Insert into KIOSK.MENU (MENUNO,CATEGORYNO,MENUNAME,MENUDESC,MENUPRICE,MENUIMG,ISSPECIAL,ISCHANGE,UNITNO,DISCOUNT,EDITIMG,THUMBNAILIMG) values (78,27,'징거더블다운맥스','Only meat! 치킨 통살로만 구성된 Real 치킨통살버거',7200,'d.png',0,0,null,0,'-','-');
Insert into KIOSK.MENU (MENUNO,CATEGORYNO,MENUNAME,MENUDESC,MENUPRICE,MENUIMG,ISSPECIAL,ISCHANGE,UNITNO,DISCOUNT,EDITIMG,THUMBNAILIMG) values (79,27,'징거버거','더 커진가슴살 필렛과 상큼한 토마토가 어우러진 대표 치킨버거',5300,'e.png',1,0,null,0,'-','-');
Insert into KIOSK.MENU (MENUNO,CATEGORYNO,MENUNAME,MENUDESC,MENUPRICE,MENUIMG,ISSPECIAL,ISCHANGE,UNITNO,DISCOUNT,EDITIMG,THUMBNAILIMG) values (80,11,'찐氷','달콤한 팥과 아이스크림, 상큼한 후르츠, 딸기잼 등 다양한 토핑을 모두 담아 낸 옛날 리아 스타일 빙수',3800,'찐빙.jpg',0,0,5,0,'-','-');
Insert into KIOSK.MENU (MENUNO,CATEGORYNO,MENUNAME,MENUDESC,MENUPRICE,MENUIMG,ISSPECIAL,ISCHANGE,UNITNO,DISCOUNT,EDITIMG,THUMBNAILIMG) values (82,11,'지파이 하비네로(L)','한국식 파이형 치킨 디저트, 더 크고 매운맛 지파이 하바네로(L)',4300,'지파이하바네로(L).jpg',0,0,5,0,'-','-');
Insert into KIOSK.MENU (MENUNO,CATEGORYNO,MENUNAME,MENUDESC,MENUPRICE,MENUIMG,ISSPECIAL,ISCHANGE,UNITNO,DISCOUNT,EDITIMG,THUMBNAILIMG) values (83,11,'지파이 고소한맛(S)','한국식 파이형 치킨 디저트, 지파이 고소한맛(S)',3400,'지파이하바네로(L).jpg',0,0,5,0,'-','-');
Insert into KIOSK.MENU (MENUNO,CATEGORYNO,MENUNAME,MENUDESC,MENUPRICE,MENUIMG,ISSPECIAL,ISCHANGE,UNITNO,DISCOUNT,EDITIMG,THUMBNAILIMG) values (84,11,'치킨 너겟','다양한 토핑으로 취향에 따라 골라먹는 "치킨 너겟"',1200,'치킨너겟.jpg',0,0,5,0,'-','-');
Insert into KIOSK.MENU (MENUNO,CATEGORYNO,MENUNAME,MENUDESC,MENUPRICE,MENUIMG,ISSPECIAL,ISCHANGE,UNITNO,DISCOUNT,EDITIMG,THUMBNAILIMG) values (85,11,'롱 치즈스틱(1조각)','치즈스틱이 길어졌다! 길이는 2배 길어지고 가격은 더 착해진 한정제품 롱 치즈스틱',1800,'롱치즈스틱(1조각).jpg',0,0,5,0,'-','-');
Insert into KIOSK.MENU (MENUNO,CATEGORYNO,MENUNAME,MENUDESC,MENUPRICE,MENUIMG,ISSPECIAL,ISCHANGE,UNITNO,DISCOUNT,EDITIMG,THUMBNAILIMG) values (86,11,'콘샐러드','신선한 야채와 상큼하고 고소한 드레싱유가 잘 어우러진 맛의 제품',1700,'콘샐러드.jpg',0,0,5,0,'-','-');
Insert into KIOSK.MENU (MENUNO,CATEGORYNO,MENUNAME,MENUDESC,MENUPRICE,MENUIMG,ISSPECIAL,ISCHANGE,UNITNO,DISCOUNT,EDITIMG,THUMBNAILIMG) values (87,11,'선데아이스크림(스트로베리)','부드러운 아이스크림에 진한 천연과일 소스를 얹어 향긋한 과일의 맛과 향을 더불어 즐길수있는 과일 아이스크림으로 상큼한 피치맛과 달콤한 스트로베리맛 두 종류가 있다.',1500,'선데이아이스크림(스트로베리).jpg',0,0,5,0,'-','-');
Insert into KIOSK.MENU (MENUNO,CATEGORYNO,MENUNAME,MENUDESC,MENUPRICE,MENUIMG,ISSPECIAL,ISCHANGE,UNITNO,DISCOUNT,EDITIMG,THUMBNAILIMG) values (88,11,'쉑쉑치킨(칠리)','담백한 치킨 가슴살과 시즈닝이 조화로운 제품',2500,'쉑쉑치킨.jpg',0,0,5,0,'-','-');
Insert into KIOSK.MENU (MENUNO,CATEGORYNO,MENUNAME,MENUDESC,MENUPRICE,MENUIMG,ISSPECIAL,ISCHANGE,UNITNO,DISCOUNT,EDITIMG,THUMBNAILIMG) values (89,11,'쉑쉑치킨(치즈)','담백한 치킨 가슴살과 시즈닝이 조화로운 제품',2500,'쉑쉑치킨.jpg',0,0,5,0,'-','-');
Insert into KIOSK.MENU (MENUNO,CATEGORYNO,MENUNAME,MENUDESC,MENUPRICE,MENUIMG,ISSPECIAL,ISCHANGE,UNITNO,DISCOUNT,EDITIMG,THUMBNAILIMG) values (90,11,'쉑쉑치킨(어니언)','담백한 치킨 가슴살과 시즈닝이 조화로운 제품',2500,'쉑쉑치킨.jpg',0,0,5,0,'-','-');
Insert into KIOSK.MENU (MENUNO,CATEGORYNO,MENUNAME,MENUDESC,MENUPRICE,MENUIMG,ISSPECIAL,ISCHANGE,UNITNO,DISCOUNT,EDITIMG,THUMBNAILIMG) values (91,11,'양념감자','고객의 기호에 맞게 시즈닝(어니언,치즈,칠리)을 한가지를 선택해서 직접 뿌려먹는 새로운 방식의 포테이토',2000,'감자튀김.jpg',0,0,5,0,'-','-');
Insert into KIOSK.MENU (MENUNO,CATEGORYNO,MENUNAME,MENUDESC,MENUPRICE,MENUIMG,ISSPECIAL,ISCHANGE,UNITNO,DISCOUNT,EDITIMG,THUMBNAILIMG) values (92,11,'오징어링','탱글탱글한 오징어살이 가득 씹히는 새로운 타입의 디저트 메뉴',2200,'오징어링.jpg',0,0,5,0,'-','-');
Insert into KIOSK.MENU (MENUNO,CATEGORYNO,MENUNAME,MENUDESC,MENUPRICE,MENUIMG,ISSPECIAL,ISCHANGE,UNITNO,DISCOUNT,EDITIMG,THUMBNAILIMG) values (93,11,'치즈스틱','치즈에 파슬리를 첨가한 튀김옷을 입혀 바삭바삭하고 부드럽고 고소한 서구풍의 디저트 메뉴',2000,'치즈스틱.jpg',0,0,5,0,'-','-');
Insert into KIOSK.MENU (MENUNO,CATEGORYNO,MENUNAME,MENUDESC,MENUPRICE,MENUIMG,ISSPECIAL,ISCHANGE,UNITNO,DISCOUNT,EDITIMG,THUMBNAILIMG) values (94,11,'포테이토','신선도 높은 후라잉 오일에 바로 튀겨낸 바삭바삭하고 감칠맛 나는 맛의 후렌치 포테이토',1500,'포테이토.jpg',0,0,5,0,'-','-');
Insert into KIOSK.MENU (MENUNO,CATEGORYNO,MENUNAME,MENUDESC,MENUPRICE,MENUIMG,ISSPECIAL,ISCHANGE,UNITNO,DISCOUNT,EDITIMG,THUMBNAILIMG) values (95,11,'토네이도(초코쿠키)','부드러운 아이스크림에 달콤하고 깔끔한 초코쿠키를 넣어 어린 아이부터 주부에 이르기까지 보는 즐거움과 먹는 즐거움을 함께하는 아이스크림<일부매장제외>',2300,'토네이도(초코쿠키).jpg',0,0,5,0,'-','-');
Insert into KIOSK.MENU (MENUNO,CATEGORYNO,MENUNAME,MENUDESC,MENUPRICE,MENUIMG,ISSPECIAL,ISCHANGE,UNITNO,DISCOUNT,EDITIMG,THUMBNAILIMG) values (96,11,'토네이도(녹차)','부드러운 아이스크림에 신선한 녹차를 넣어 풍부한 녹차향을 즐길수 있으며, 특히 10 ~ 30대 여성 취향의 제품으로 보는 즐거움과 먹는 즐거움을 함께하는 아이스크림<일부매장제외>',2300,'토네이도(녹차).jpg',0,0,5,0,'-','-');
Insert into KIOSK.MENU (MENUNO,CATEGORYNO,MENUNAME,MENUDESC,MENUPRICE,MENUIMG,ISSPECIAL,ISCHANGE,UNITNO,DISCOUNT,EDITIMG,THUMBNAILIMG) values (97,11,'토네이도(스트로베리)','부드러운 아이스크림에 신선한 녹차를 넣어 풍부한 녹차향을 즐길수 있으며, 특히 10 ~ 30대 여성 취향의 제품으로 보는 즐거움과 먹는 즐거움을 함께하는 아이스크림<일부매장제외>',2300,'토네이도(스트로베리).jpg',0,0,5,0,'-','-');
Insert into KIOSK.MENU (MENUNO,CATEGORYNO,MENUNAME,MENUDESC,MENUPRICE,MENUIMG,ISSPECIAL,ISCHANGE,UNITNO,DISCOUNT,EDITIMG,THUMBNAILIMG) values (98,11,'소프트콘','부드러운 맛과 시원한 소프트 타입의 아이스콘 제품',700,'소프트콘.jpg',0,0,5,0,'-','-');
Insert into KIOSK.MENU (MENUNO,CATEGORYNO,MENUNAME,MENUDESC,MENUPRICE,MENUIMG,ISSPECIAL,ISCHANGE,UNITNO,DISCOUNT,EDITIMG,THUMBNAILIMG) values (99,11,'1인혼닭','겉은 크리스피하고 속은 촉촉한 중독성 강한 맛의 한마리 통닭(치킨무, 양념소금 포함)',10000,'1인혼닭.jpg',0,0,5,0,'-','-');
Insert into KIOSK.MENU (MENUNO,CATEGORYNO,MENUNAME,MENUDESC,MENUPRICE,MENUIMG,ISSPECIAL,ISCHANGE,UNITNO,DISCOUNT,EDITIMG,THUMBNAILIMG) values (100,11,'치킨휠레(4조각)','담백한 안심살의 Chicken fillet와 롯데리아만의 독특한 소스가 어우러진 디저트 메뉴',4500,'치킨휠레(4조각).jpg',0,0,5,0,'-','-');
Insert into KIOSK.MENU (MENUNO,CATEGORYNO,MENUNAME,MENUDESC,MENUPRICE,MENUIMG,ISSPECIAL,ISCHANGE,UNITNO,DISCOUNT,EDITIMG,THUMBNAILIMG) values (101,11,'화이어윙(2조각)','담백한한 맛과 매콤한 맛이 잘 조화된 특별한 타입의 치킨',2500,'화이어윙(2조각).jpg',0,0,5,0,'-','-');
Insert into KIOSK.MENU (MENUNO,CATEGORYNO,MENUNAME,MENUDESC,MENUPRICE,MENUIMG,ISSPECIAL,ISCHANGE,UNITNO,DISCOUNT,EDITIMG,THUMBNAILIMG) values (102,11,'화이어윙(4조각)','담백한한 맛과 매콤한 맛이 잘 조화된 특별한 타입의 치킨',2500,'화이어윙(4조각).jpg',0,0,5,0,'-','-');
Insert into KIOSK.MENU (MENUNO,CATEGORYNO,MENUNAME,MENUDESC,MENUPRICE,MENUIMG,ISSPECIAL,ISCHANGE,UNITNO,DISCOUNT,EDITIMG,THUMBNAILIMG) values (103,11,'치킨1조각','신선한 치킨만을 사용하여 부드럽고 담백함과 매콤한 맛이 잘 어우러진 후라이드 치킨(순한맛/매운맛)',2300,'치킨1조각.jpg',0,0,5,0,'-','-');
Insert into KIOSK.MENU (MENUNO,CATEGORYNO,MENUNAME,MENUDESC,MENUPRICE,MENUIMG,ISSPECIAL,ISCHANGE,UNITNO,DISCOUNT,EDITIMG,THUMBNAILIMG) values (104,11,'치킨휠레(2조각)','담백한 안심살의 Chicken fillet와 롯데리아만의 독특한 소스가 어우러진 디저트 메뉴',2500,'치킨휠레(2조각).jpg',0,0,5,0,'-','-');
Insert into KIOSK.MENU (MENUNO,CATEGORYNO,MENUNAME,MENUDESC,MENUPRICE,MENUIMG,ISSPECIAL,ISCHANGE,UNITNO,DISCOUNT,EDITIMG,THUMBNAILIMG) values (108,12,'아이스 아메리카노L','대용량 (20oz)으로 즐기는 시원한 아이스 아메리카노',2500,'아이스아메리카노L.jpg',0,0,5,0,'-','-');
Insert into KIOSK.MENU (MENUNO,CATEGORYNO,MENUNAME,MENUDESC,MENUPRICE,MENUIMG,ISSPECIAL,ISCHANGE,UNITNO,DISCOUNT,EDITIMG,THUMBNAILIMG) values (106,12,'레몬에이드L','레몬의 상큼함을 상쾌하고 시원하게 즐길 수 있는 대용량 제품',2800,'레몬에이드L.jpg',0,0,5,0,'-','-');
Insert into KIOSK.MENU (MENUNO,CATEGORYNO,MENUNAME,MENUDESC,MENUPRICE,MENUIMG,ISSPECIAL,ISCHANGE,UNITNO,DISCOUNT,EDITIMG,THUMBNAILIMG) values (107,12,'아이스티L','달콤한 복숭아 맛의 시원한 대용량 아이스 드링크',2500,'아이스티L.jpg',0,0,5,0,'-','-');
Insert into KIOSK.MENU (MENUNO,CATEGORYNO,MENUNAME,MENUDESC,MENUPRICE,MENUIMG,ISSPECIAL,ISCHANGE,UNITNO,DISCOUNT,EDITIMG,THUMBNAILIMG) values (109,12,'핫초코','달콤하고 진한 초콜릿 풍미와 부드러운 맛의 "스위스미스"파우더를 사용한 제품',2000,'핫초코.jpg',0,0,5,0,'-','-');
Insert into KIOSK.MENU (MENUNO,CATEGORYNO,MENUNAME,MENUDESC,MENUPRICE,MENUIMG,ISSPECIAL,ISCHANGE,UNITNO,DISCOUNT,EDITIMG,THUMBNAILIMG) values (110,12,'오렌지주스(40m PET)','천연의 신선한 100% 오렌지 과즙이 함유된 후레쉬 드링크',2500,'오렌지주스(400mlPET).jpg',0,0,5,0,'-','-');
Insert into KIOSK.MENU (MENUNO,CATEGORYNO,MENUNAME,MENUDESC,MENUPRICE,MENUIMG,ISSPECIAL,ISCHANGE,UNITNO,DISCOUNT,EDITIMG,THUMBNAILIMG) values (111,12,'우유','신선한 롯데산록 우유',1500,'우유.jpg',0,0,5,0,'-','-');
Insert into KIOSK.MENU (MENUNO,CATEGORYNO,MENUNAME,MENUDESC,MENUPRICE,MENUIMG,ISSPECIAL,ISCHANGE,UNITNO,DISCOUNT,EDITIMG,THUMBNAILIMG) values (112,12,'사이다(R)','톡톡 쏘는 청량감이 느껴지는 음료',1700,'사이다(R).jpg',0,0,5,0,'-','-');
Insert into KIOSK.MENU (MENUNO,CATEGORYNO,MENUNAME,MENUDESC,MENUPRICE,MENUIMG,ISSPECIAL,ISCHANGE,UNITNO,DISCOUNT,EDITIMG,THUMBNAILIMG) values (113,12,'콜라(R)','햄버거에 필수 음료 콜라',1700,'콜라(R).jpg',0,0,5,0,'-','-');
Insert into KIOSK.MENU (MENUNO,CATEGORYNO,MENUNAME,MENUDESC,MENUPRICE,MENUIMG,ISSPECIAL,ISCHANGE,UNITNO,DISCOUNT,EDITIMG,THUMBNAILIMG) values (114,12,'밀크쉐이크(딸기)','천연색소를 이용하여 만든 상큼한 딸기 쉐이크',2100,'밀크쉐이크(딸기).jpg',0,0,5,0,'-','-');
Insert into KIOSK.MENU (MENUNO,CATEGORYNO,MENUNAME,MENUDESC,MENUPRICE,MENUIMG,ISSPECIAL,ISCHANGE,UNITNO,DISCOUNT,EDITIMG,THUMBNAILIMG) values (115,12,'밀크쉐이크(초코)','초코의 달콤함과 쉐이크의 부드러움이 잘 어울리는 제품',2100,'밀크쉐이크(초코).jpg',0,0,5,0,'-','-');
Insert into KIOSK.MENU (MENUNO,CATEGORYNO,MENUNAME,MENUDESC,MENUPRICE,MENUIMG,ISSPECIAL,ISCHANGE,UNITNO,DISCOUNT,EDITIMG,THUMBNAILIMG) values (116,12,'밀크쉐이크(바닐라)','달콤한 망고의 향과 맛이 느껴지는 시원한 쉐이크',2100,'밀크쉐이크(바닐라).jpg',0,0,5,0,'-','-');
Insert into KIOSK.MENU (MENUNO,CATEGORYNO,MENUNAME,MENUDESC,MENUPRICE,MENUIMG,ISSPECIAL,ISCHANGE,UNITNO,DISCOUNT,EDITIMG,THUMBNAILIMG) values (117,12,'아메리카노','에스프레소 커피를 물로 희석하여 커피의 풍부한 맛을 살린 제품',2000,'아메리카노.jpg',0,0,5,0,'-','-');
Insert into KIOSK.MENU (MENUNO,CATEGORYNO,MENUNAME,MENUDESC,MENUPRICE,MENUIMG,ISSPECIAL,ISCHANGE,UNITNO,DISCOUNT,EDITIMG,THUMBNAILIMG) values (118,12,'아이스 아메리카노','차갑게 즐기는 맛이 풍부한 에스프레소 커피',2000,'아이스아메리카노.jpg',0,0,5,0,'-','-');
Insert into KIOSK.MENU (MENUNO,CATEGORYNO,MENUNAME,MENUDESC,MENUPRICE,MENUIMG,ISSPECIAL,ISCHANGE,UNITNO,DISCOUNT,EDITIMG,THUMBNAILIMG) values (119,12,'카페라떼','에스프레소 커피에 따듯한 우유를 듬뿍 넣어 부드럽게 즐기는 메뉴',2400,'카페라떼.jpg',0,0,5,0,'-','-');
Insert into KIOSK.MENU (MENUNO,CATEGORYNO,MENUNAME,MENUDESC,MENUPRICE,MENUIMG,ISSPECIAL,ISCHANGE,UNITNO,DISCOUNT,EDITIMG,THUMBNAILIMG) values (120,12,'아이스 카페라떼','에스프레소 커피와 시원한 우유가 잘 어우러진 제품',2400,'아이스카페라떼.jpg',0,0,5,0,'-','-');
Insert into KIOSK.MENU (MENUNO,CATEGORYNO,MENUNAME,MENUDESC,MENUPRICE,MENUIMG,ISSPECIAL,ISCHANGE,UNITNO,DISCOUNT,EDITIMG,THUMBNAILIMG) values (121,12,'레몬에이드','레몬의 상큼함을 상쾌하고 시원하게 즐길 수 있는 제품',2500,'레몬에이드.jpg',0,0,5,0,'-','-');
Insert into KIOSK.MENU (MENUNO,CATEGORYNO,MENUNAME,MENUDESC,MENUPRICE,MENUIMG,ISSPECIAL,ISCHANGE,UNITNO,DISCOUNT,EDITIMG,THUMBNAILIMG) values (122,5,'치킨버거','육즙, 풍미 뛰어난 "닭다리살" 활용한 가성비 치킨버거',2900,'치킨버거.jpg',0,0,5,0,'-','-');
Insert into KIOSK.MENU (MENUNO,CATEGORYNO,MENUNAME,MENUDESC,MENUPRICE,MENUIMG,ISSPECIAL,ISCHANGE,UNITNO,DISCOUNT,EDITIMG,THUMBNAILIMG) values (194,29,'카페라떼','에스프레소 커피에 따듯한 우유를 듬뿍 넣어 부드럽게 즐기는 메뉴',700,'카페라떼.jpg',0,0,5,0,'-','-');
Insert into KIOSK.MENU (MENUNO,CATEGORYNO,MENUNAME,MENUDESC,MENUPRICE,MENUIMG,ISSPECIAL,ISCHANGE,UNITNO,DISCOUNT,EDITIMG,THUMBNAILIMG) values (195,29,'아이스카페라떼','에스프레소 커피와 시원한 우유가 잘 어우러진 제품',700,'아이스카페라떼.jpg',0,0,5,0,'-','-');
Insert into KIOSK.MENU (MENUNO,CATEGORYNO,MENUNAME,MENUDESC,MENUPRICE,MENUIMG,ISSPECIAL,ISCHANGE,UNITNO,DISCOUNT,EDITIMG,THUMBNAILIMG) values (196,29,'우유','신선한 롯데산록 우유신선한 롯데산록 우유',0,'우유.jpg',0,0,5,0,'-','-');
Insert into KIOSK.MENU (MENUNO,CATEGORYNO,MENUNAME,MENUDESC,MENUPRICE,MENUIMG,ISSPECIAL,ISCHANGE,UNITNO,DISCOUNT,EDITIMG,THUMBNAILIMG) values (197,29,'핫초코 스위스미스','달콤하고 진한 초콜릿 풍미와 부드러운 맛의 "스위스미스"파우더를 사용한 제품',300,'핫초코.jpg',0,0,5,0,'-','-');
Insert into KIOSK.MENU (MENUNO,CATEGORYNO,MENUNAME,MENUDESC,MENUPRICE,MENUIMG,ISSPECIAL,ISCHANGE,UNITNO,DISCOUNT,EDITIMG,THUMBNAILIMG) values (198,29,'오렌지주스(PET)','천연의 신선한 100% 오렌지 과즙이 함유된 후레쉬 드링크',800,'오렌지주스(400mlPET).jpg',0,0,5,0,'-','-');
Insert into KIOSK.MENU (MENUNO,CATEGORYNO,MENUNAME,MENUDESC,MENUPRICE,MENUIMG,ISSPECIAL,ISCHANGE,UNITNO,DISCOUNT,EDITIMG,THUMBNAILIMG) values (199,29,'레몬에이드','레몬의 상큼함을 상쾌하고 시원하게 즐길 수 있는 대용량 제품',800,'레몬에이드.jpg',0,0,5,0,'-','-');
Insert into KIOSK.MENU (MENUNO,CATEGORYNO,MENUNAME,MENUDESC,MENUPRICE,MENUIMG,ISSPECIAL,ISCHANGE,UNITNO,DISCOUNT,EDITIMG,THUMBNAILIMG) values (200,29,'레몬에이드L','레몬의 상큼함을 상쾌하고 시원하게 즐길 수 있는 대용량 제품',1100,'레몬에이드L.jpg',0,0,5,0,'-','-');
Insert into KIOSK.MENU (MENUNO,CATEGORYNO,MENUNAME,MENUDESC,MENUPRICE,MENUIMG,ISSPECIAL,ISCHANGE,UNITNO,DISCOUNT,EDITIMG,THUMBNAILIMG) values (202,7,'코울슬로','양배추와 당근, 각종 신선한 야채를 상큼하게 버무린 야채 샐러드',2200,'b2.png',2,1,null,0,'-','-');
Insert into KIOSK.MENU (MENUNO,CATEGORYNO,MENUNAME,MENUDESC,MENUPRICE,MENUIMG,ISSPECIAL,ISCHANGE,UNITNO,DISCOUNT,EDITIMG,THUMBNAILIMG) values (203,7,'후렌치후라이(M)','우수한 감자만 선별하여 튀겨낸 고소하고 바삭한 KFC 감자튀김',2200,'b3.png',0,1,null,0,'-','-');
Insert into KIOSK.MENU (MENUNO,CATEGORYNO,MENUNAME,MENUDESC,MENUPRICE,MENUIMG,ISSPECIAL,ISCHANGE,UNITNO,DISCOUNT,EDITIMG,THUMBNAILIMG) values (204,7,'텐더떡볶이','매콤달콤 디저트, 텐더떡볶이',3300,'b4.png',1,1,null,0,'-','-');
Insert into KIOSK.MENU (MENUNO,CATEGORYNO,MENUNAME,MENUDESC,MENUPRICE,MENUIMG,ISSPECIAL,ISCHANGE,UNITNO,DISCOUNT,EDITIMG,THUMBNAILIMG) values (205,7,'딸기잼','딸기잼',300,'b5.png',0,0,null,0,'-','-');
Insert into KIOSK.MENU (MENUNO,CATEGORYNO,MENUNAME,MENUDESC,MENUPRICE,MENUIMG,ISSPECIAL,ISCHANGE,UNITNO,DISCOUNT,EDITIMG,THUMBNAILIMG) values (206,7,'에그타르트1개','바삭한 패스트리 속에 부드러운 에그크림이 일품인 에그타르트',2200,'b6.png',2,1,null,0,'-','-');
Insert into KIOSK.MENU (MENUNO,CATEGORYNO,MENUNAME,MENUDESC,MENUPRICE,MENUIMG,ISSPECIAL,ISCHANGE,UNITNO,DISCOUNT,EDITIMG,THUMBNAILIMG) values (208,7,'롱치즈스틱','100% 자연산 치즈가 길~게 늘어나는 고소한 롱치즈스틱',2300,'b8.png',2,1,null,0,'-','-');
Insert into KIOSK.MENU (MENUNO,CATEGORYNO,MENUNAME,MENUDESC,MENUPRICE,MENUIMG,ISSPECIAL,ISCHANGE,UNITNO,DISCOUNT,EDITIMG,THUMBNAILIMG) values (163,6,'핫크리스피치킨','KFC만의 비법으로 매콤바삭하게 튀겨낸 KFC 핫크리스피치킨',2900,'a1.png',0,0,null,0,'-','-');
Insert into KIOSK.MENU (MENUNO,CATEGORYNO,MENUNAME,MENUDESC,MENUPRICE,MENUIMG,ISSPECIAL,ISCHANGE,UNITNO,DISCOUNT,EDITIMG,THUMBNAILIMG) values (164,6,'블랙라벨치킨','닭다리 통살로 만든 최고급 프리미엄 치킨(스윗칠리소스에 찍어 먹으면 더욱 맛있습니다)',3100,'a2.png',0,0,null,0,'-','-');
Insert into KIOSK.MENU (MENUNO,CATEGORYNO,MENUNAME,MENUDESC,MENUPRICE,MENUIMG,ISSPECIAL,ISCHANGE,UNITNO,DISCOUNT,EDITIMG,THUMBNAILIMG) values (165,6,'갓양념치킨','달콤 매콤, 먹을수록 땡기는 맵달의 완벽한 조화 한국 사람 입맛에 딱! 맞춘 환상의 양념 치킨!',3100,'a3.png',0,0,null,0,'-','-');
Insert into KIOSK.MENU (MENUNO,CATEGORYNO,MENUNAME,MENUDESC,MENUPRICE,MENUIMG,ISSPECIAL,ISCHANGE,UNITNO,DISCOUNT,EDITIMG,THUMBNAILIMG) values (166,6,'갓양념블랙라벨치킨','KFC에서도 ‘양념 순살’을 먹고 싶다는 고객님들을 위해 준비했다! 블랙라벨 치킨의 변신! 닭다리 통살 블랙라벨이 갓양념과 만났다!',3300,'a4.png',0,0,null,0,'-','-');
Insert into KIOSK.MENU (MENUNO,CATEGORYNO,MENUNAME,MENUDESC,MENUPRICE,MENUIMG,ISSPECIAL,ISCHANGE,UNITNO,DISCOUNT,EDITIMG,THUMBNAILIMG) values (167,6,'오리지널치킨','커넬샌더스가 개발한 11가지 비밀양념에 고압쿠킹 방식으로 육즙이 살아있어 촉촉하고 담백한 KFC 오리지널 치킨',2900,'a5.png',0,0,null,0,'-','-');
Insert into KIOSK.MENU (MENUNO,CATEGORYNO,MENUNAME,MENUDESC,MENUPRICE,MENUIMG,ISSPECIAL,ISCHANGE,UNITNO,DISCOUNT,EDITIMG,THUMBNAILIMG) values (168,6,'갓쏘이블랙라벨치킨','한국생활 36년째, 커넬 샌더스 할아버지의 두번째 손맛! 갓쏘이치킨이 이번엔 블랙라벨로 돌아왔다! 짭조름 달달, 먹을수록 은근히 땡기는 깊고 진한 간장의 맛. 프리미엄 닭다리 통살을 갓쏘이로 즐기자!',3300,'a6.png',0,0,null,0,'-','-');
Insert into KIOSK.MENU (MENUNO,CATEGORYNO,MENUNAME,MENUDESC,MENUPRICE,MENUIMG,ISSPECIAL,ISCHANGE,UNITNO,DISCOUNT,EDITIMG,THUMBNAILIMG) values (169,28,'포테이토','신선도 높은 후라잉 오일에 바로 튀겨낸 바삭바삭하고 감칠맛 나는 맛의 후렌치 포테이토',0,'포테이토.jpg',0,0,5,0,'-','-');
Insert into KIOSK.MENU (MENUNO,CATEGORYNO,MENUNAME,MENUDESC,MENUPRICE,MENUIMG,ISSPECIAL,ISCHANGE,UNITNO,DISCOUNT,EDITIMG,THUMBNAILIMG) values (170,28,'양념감자','고객의 기호에 맞게 시즈닝(어니언,치즈,칠리)을 한가지를 선택해서 직접 뿌려먹는 새로운 방식의 포테이토',500,'감자튀김.jpg',0,0,5,0,'-','-');
Insert into KIOSK.MENU (MENUNO,CATEGORYNO,MENUNAME,MENUDESC,MENUPRICE,MENUIMG,ISSPECIAL,ISCHANGE,UNITNO,DISCOUNT,EDITIMG,THUMBNAILIMG) values (171,28,'치즈스틱','치즈에 파슬리를 첨가한 튀김옷을 입혀 바삭바삭하고 부드럽고 고소한 서구풍의 디저트 메뉴',500,'치즈스틱.jpg',0,0,5,0,'-','-');
Insert into KIOSK.MENU (MENUNO,CATEGORYNO,MENUNAME,MENUDESC,MENUPRICE,MENUIMG,ISSPECIAL,ISCHANGE,UNITNO,DISCOUNT,EDITIMG,THUMBNAILIMG) values (172,28,'오징어링','탱글탱글한 오징어살이 가득 씹히는 새로운 타입의 디저트 메뉴',700,'오징어링.jpg',0,0,5,0,'-','-');
Insert into KIOSK.MENU (MENUNO,CATEGORYNO,MENUNAME,MENUDESC,MENUPRICE,MENUIMG,ISSPECIAL,ISCHANGE,UNITNO,DISCOUNT,EDITIMG,THUMBNAILIMG) values (173,28,'쉑쉑치킨','담백한 치킨 가슴살과 시즈닝이 조화로운 제품',1000,'쉑쉑치킨.jpg',0,0,5,0,'-','-');
Insert into KIOSK.MENU (MENUNO,CATEGORYNO,MENUNAME,MENUDESC,MENUPRICE,MENUIMG,ISSPECIAL,ISCHANGE,UNITNO,DISCOUNT,EDITIMG,THUMBNAILIMG) values (174,28,'포테이토(L)','신선도 높은 후라잉 오일에 바로 튀겨낸 바삭바삭하고 감칠맛 나는 맛의 후렌치 포테이토',400,'포테이토.jpg',0,0,5,0,'-','-');
Insert into KIOSK.MENU (MENUNO,CATEGORYNO,MENUNAME,MENUDESC,MENUPRICE,MENUIMG,ISSPECIAL,ISCHANGE,UNITNO,DISCOUNT,EDITIMG,THUMBNAILIMG) values (175,28,'콘셀러드','신선한 야채와 상큼하고 고소한 드레싱유가 잘 어우러진 맛의 제품',200,'콘샐러드.jpg',0,0,5,0,'-','-');
Insert into KIOSK.MENU (MENUNO,CATEGORYNO,MENUNAME,MENUDESC,MENUPRICE,MENUIMG,ISSPECIAL,ISCHANGE,UNITNO,DISCOUNT,EDITIMG,THUMBNAILIMG) values (176,28,'롱치즈스틱','치즈스틱이 길어졌다! 길이는 2배 길어지고 가격은 더 착해진 한정제품 롱 치즈스틱',300,'롱치즈스틱(1조각).jpg',0,0,5,0,'-','-');
Insert into KIOSK.MENU (MENUNO,CATEGORYNO,MENUNAME,MENUDESC,MENUPRICE,MENUIMG,ISSPECIAL,ISCHANGE,UNITNO,DISCOUNT,EDITIMG,THUMBNAILIMG) values (177,28,'선데이아이스크림-스트로베리','부드러운 아이스크림에 진한 천연과일 소스를 얹어 향긋한 과일의 맛과 향을 더불어 즐길수있는 과일 아이스크림으로 상큼한 피치맛과 달콤한 스트로베리맛 두 종류가 있다.',0,'선데이아이스크림(스트로베리).jpg',0,0,5,0,'-','-');
Insert into KIOSK.MENU (MENUNO,CATEGORYNO,MENUNAME,MENUDESC,MENUPRICE,MENUIMG,ISSPECIAL,ISCHANGE,UNITNO,DISCOUNT,EDITIMG,THUMBNAILIMG) values (178,28,'토네이도-초코','부드러운 아이스크림에 달콤하고 깔끔한 초코쿠키를 넣어 어린 아이부터 주부에 이르기까지 보는 즐거움과 먹는 즐거움을 함께하는 아이스크림',800,'토네이도(초코쿠키).jpg',0,0,5,0,'-','-');
Insert into KIOSK.MENU (MENUNO,CATEGORYNO,MENUNAME,MENUDESC,MENUPRICE,MENUIMG,ISSPECIAL,ISCHANGE,UNITNO,DISCOUNT,EDITIMG,THUMBNAILIMG) values (179,28,'토네이도-녹차','부드러운 아이스크림에 신선한 녹차를 넣어 풍부한 녹차향을 즐길수 있으며, 특히 10 ~ 30대 여성 취향의 제품으로 보는 즐거움과 먹는 즐거움을 함께하는 아이스크림',800,'토네이도(녹차).jpg',0,0,5,0,'-','-');
Insert into KIOSK.MENU (MENUNO,CATEGORYNO,MENUNAME,MENUDESC,MENUPRICE,MENUIMG,ISSPECIAL,ISCHANGE,UNITNO,DISCOUNT,EDITIMG,THUMBNAILIMG) values (180,28,'토네이도-스트로베리','딸기의 새콤달콤한 맛과 스트로베리 후레이크의 아삭 아삭한 맛이 좋아 천연 과일을 선호하는 고객을 위한 제품으로 보는 즐거움과 먹는 즐거움을 함께하는 아이스크림',900,'토네이도(스트로베리).jpg',0,0,5,0,'-','-');
Insert into KIOSK.MENU (MENUNO,CATEGORYNO,MENUNAME,MENUDESC,MENUPRICE,MENUIMG,ISSPECIAL,ISCHANGE,UNITNO,DISCOUNT,EDITIMG,THUMBNAILIMG) values (181,28,'치킨-1조각','신선한 치킨만을 사용하여 부드럽고 담백함과 매콤한 맛이 잘 어우러진 후라이드 치킨(순한맛/매운맛)',800,'치킨1조각.jpg',0,0,5,0,'-','-');
Insert into KIOSK.MENU (MENUNO,CATEGORYNO,MENUNAME,MENUDESC,MENUPRICE,MENUIMG,ISSPECIAL,ISCHANGE,UNITNO,DISCOUNT,EDITIMG,THUMBNAILIMG) values (182,28,'화이어윙-2','담백한한 맛과 매콤한 맛이 잘 조화된 특별한 타입의 치킨',1000,'화이어윙(2조각).jpg',0,0,5,0,'-','-');
Insert into KIOSK.MENU (MENUNO,CATEGORYNO,MENUNAME,MENUDESC,MENUPRICE,MENUIMG,ISSPECIAL,ISCHANGE,UNITNO,DISCOUNT,EDITIMG,THUMBNAILIMG) values (183,28,'치킨휠레-2','담백한 안심살의 Chicken fillet와 롯데리아만의 독특한 소스가 어우러진 디저트 메뉴',1000,'치킨휠레(2조각).jpg',0,0,5,0,'-','-');
Insert into KIOSK.MENU (MENUNO,CATEGORYNO,MENUNAME,MENUDESC,MENUPRICE,MENUIMG,ISSPECIAL,ISCHANGE,UNITNO,DISCOUNT,EDITIMG,THUMBNAILIMG) values (184,28,'지파이-고소한맛','한국식 파이형 치킨 디저트, 지파이 고소한맛',1900,'지파이하바네로(L).jpg',0,0,5,0,'-','-');
Insert into KIOSK.MENU (MENUNO,CATEGORYNO,MENUNAME,MENUDESC,MENUPRICE,MENUIMG,ISSPECIAL,ISCHANGE,UNITNO,DISCOUNT,EDITIMG,THUMBNAILIMG) values (185,29,'콜라','햄버거에 필수 음료 콜라',0,'콜라(R).jpg',0,0,5,0,'-','-');
Insert into KIOSK.MENU (MENUNO,CATEGORYNO,MENUNAME,MENUDESC,MENUPRICE,MENUIMG,ISSPECIAL,ISCHANGE,UNITNO,DISCOUNT,EDITIMG,THUMBNAILIMG) values (186,29,'사이다','톡톡 쏘는 청량감이 느껴지는 음료',0,'사이다(R).jpg',0,0,5,0,'-','-');
Insert into KIOSK.MENU (MENUNO,CATEGORYNO,MENUNAME,MENUDESC,MENUPRICE,MENUIMG,ISSPECIAL,ISCHANGE,UNITNO,DISCOUNT,EDITIMG,THUMBNAILIMG) values (187,29,'맥스콜라','햄버거에 필수 음료 콜라',0,'콜라(R).jpg',0,0,5,0,'-','-');
Insert into KIOSK.MENU (MENUNO,CATEGORYNO,MENUNAME,MENUDESC,MENUPRICE,MENUIMG,ISSPECIAL,ISCHANGE,UNITNO,DISCOUNT,EDITIMG,THUMBNAILIMG) values (188,29,'콜라_(L,라지)','햄버거에 필수 음료 콜라',200,'콜라(R).jpg',0,0,5,0,'-','-');
Insert into KIOSK.MENU (MENUNO,CATEGORYNO,MENUNAME,MENUDESC,MENUPRICE,MENUIMG,ISSPECIAL,ISCHANGE,UNITNO,DISCOUNT,EDITIMG,THUMBNAILIMG) values (189,29,'사이다_(L,라지)','톡톡 쏘는 청량감이 느껴지는 음료',200,'사이다(R).jpg',0,0,5,0,'-','-');
Insert into KIOSK.MENU (MENUNO,CATEGORYNO,MENUNAME,MENUDESC,MENUPRICE,MENUIMG,ISSPECIAL,ISCHANGE,UNITNO,DISCOUNT,EDITIMG,THUMBNAILIMG) values (190,29,'맥스콜라_(L,라지)','햄버거에 필수 음료 맥스콜라',200,'콜라(R).jpg',0,0,5,0,'-','-');
Insert into KIOSK.MENU (MENUNO,CATEGORYNO,MENUNAME,MENUDESC,MENUPRICE,MENUIMG,ISSPECIAL,ISCHANGE,UNITNO,DISCOUNT,EDITIMG,THUMBNAILIMG) values (191,29,'아메리카노','에스프레소 커피를 물로 희석하여 커피의 풍부한 맛을 살린 제품',300,'아메리카노.jpg',0,0,5,0,'-','-');
Insert into KIOSK.MENU (MENUNO,CATEGORYNO,MENUNAME,MENUDESC,MENUPRICE,MENUIMG,ISSPECIAL,ISCHANGE,UNITNO,DISCOUNT,EDITIMG,THUMBNAILIMG) values (192,29,'아이스아메리카노','차갑게 즐기는 맛이 풍부한 에스프레소 커피',300,'아이스아메리카노.jpg',0,0,5,0,'-','-');
Insert into KIOSK.MENU (MENUNO,CATEGORYNO,MENUNAME,MENUDESC,MENUPRICE,MENUIMG,ISSPECIAL,ISCHANGE,UNITNO,DISCOUNT,EDITIMG,THUMBNAILIMG) values (193,29,'아이스아메리카노_(L,라지)','차갑게 즐기는 맛이 풍부한 에스프레소 커피',800,'아이스아메리카노L.jpg',0,0,5,0,'-','-');
Insert into KIOSK.MENU (MENUNO,CATEGORYNO,MENUNAME,MENUDESC,MENUPRICE,MENUIMG,ISSPECIAL,ISCHANGE,UNITNO,DISCOUNT,EDITIMG,THUMBNAILIMG) values (212,48,'콜라(M)','속까지 시원해지는 청량음료의 대표! 콜라',2000,'2.png',0,1,null,0,'-','-');
Insert into KIOSK.MENU (MENUNO,CATEGORYNO,MENUNAME,MENUDESC,MENUPRICE,MENUIMG,ISSPECIAL,ISCHANGE,UNITNO,DISCOUNT,EDITIMG,THUMBNAILIMG) values (213,48,'콜라(L)','속까지 시원해지는 청량음료의 대표! 콜라',2300,'2.png',0,1,null,0,'-','-');
Insert into KIOSK.MENU (MENUNO,CATEGORYNO,MENUNAME,MENUDESC,MENUPRICE,MENUIMG,ISSPECIAL,ISCHANGE,UNITNO,DISCOUNT,EDITIMG,THUMBNAILIMG) values (214,48,'아메리카노(L)','KFC만의 고품질 원두를 사용해 향과 맛이 뛰어난 아메리카노',2400,'3.png',0,1,null,0,'-','-');
Insert into KIOSK.MENU (MENUNO,CATEGORYNO,MENUNAME,MENUDESC,MENUPRICE,MENUIMG,ISSPECIAL,ISCHANGE,UNITNO,DISCOUNT,EDITIMG,THUMBNAILIMG) values (215,48,'생수','KFC는 시원하고 위생적인 생수 제공을 위해 포장된 판매용 생수만 비치하고 있습니다.',1300,'1.png',0,1,null,0,'-','-');
Insert into KIOSK.MENU (MENUNO,CATEGORYNO,MENUNAME,MENUDESC,MENUPRICE,MENUIMG,ISSPECIAL,ISCHANGE,UNITNO,DISCOUNT,EDITIMG,THUMBNAILIMG) values (217,48,'환타 오렌지(L)','속까지 시원해지는 청량음료 환타!',2600,'4.png',0,0,null,0,'-','-');
Insert into KIOSK.MENU (MENUNO,CATEGORYNO,MENUNAME,MENUDESC,MENUPRICE,MENUIMG,ISSPECIAL,ISCHANGE,UNITNO,DISCOUNT,EDITIMG,THUMBNAILIMG) values (238,5,'와규에디션2세트','부드러운 와규와 시그니처 소스의 콜라보',7600,'와규에디션2.jpg',0,1,3,0,'-','-');
Insert into KIOSK.MENU (MENUNO,CATEGORYNO,MENUNAME,MENUDESC,MENUPRICE,MENUIMG,ISSPECIAL,ISCHANGE,UNITNO,DISCOUNT,EDITIMG,THUMBNAILIMG) values (240,5,'더블X2 세트','순 비프패티 2장, 치즈 2장을 활용하여 맛이 조화로운 정통 아메리칸 버거 제품',7500,'와규에디션2세트.jpg',0,1,3,0,'-','-');
Insert into KIOSK.MENU (MENUNO,CATEGORYNO,MENUNAME,MENUDESC,MENUPRICE,MENUIMG,ISSPECIAL,ISCHANGE,UNITNO,DISCOUNT,EDITIMG,THUMBNAILIMG) values (332,5,'한우명품팩','NEW한우불고기버거와 핫크리스피버거를 함께 즐길 수 있는 한우명품팩',15600,'한우명품팩.jpg',0,0,5,0,'-','-');
Insert into KIOSK.MENU (MENUNO,CATEGORYNO,MENUNAME,MENUDESC,MENUPRICE,MENUIMG,ISSPECIAL,ISCHANGE,UNITNO,DISCOUNT,EDITIMG,THUMBNAILIMG) values (241,5,'AZ버거 세트','버거 세트',8300,'AZ버거세트.jpg',0,1,3,0,'-','-');
Insert into KIOSK.MENU (MENUNO,CATEGORYNO,MENUNAME,MENUDESC,MENUPRICE,MENUIMG,ISSPECIAL,ISCHANGE,UNITNO,DISCOUNT,EDITIMG,THUMBNAILIMG) values (242,5,'한우불고기 콤보','버거 콤보',8000,'한우불고기콤보.jpg',0,1,4,0,'-','-');
Insert into KIOSK.MENU (MENUNO,CATEGORYNO,MENUNAME,MENUDESC,MENUPRICE,MENUIMG,ISSPECIAL,ISCHANGE,UNITNO,DISCOUNT,EDITIMG,THUMBNAILIMG) values (243,5,'한우불고기 세트','버거 세트',8700,'한우불고기세트.jpg',0,1,3,0,'-','-');
Insert into KIOSK.MENU (MENUNO,CATEGORYNO,MENUNAME,MENUDESC,MENUPRICE,MENUIMG,ISSPECIAL,ISCHANGE,UNITNO,DISCOUNT,EDITIMG,THUMBNAILIMG) values (244,5,'모짜렐라인더버거 베이컨 세트','버거 세트',7700,'모짜렐라인더버거베이컨세트.jpg',0,1,3,0,'-','-');
Insert into KIOSK.MENU (MENUNO,CATEGORYNO,MENUNAME,MENUDESC,MENUPRICE,MENUIMG,ISSPECIAL,ISCHANGE,UNITNO,DISCOUNT,EDITIMG,THUMBNAILIMG) values (245,5,'원조빅불 세트','버거 세트',7600,'원조빅불세트.jpg',0,1,3,0,'-','-');
Insert into KIOSK.MENU (MENUNO,CATEGORYNO,MENUNAME,MENUDESC,MENUPRICE,MENUIMG,ISSPECIAL,ISCHANGE,UNITNO,DISCOUNT,EDITIMG,THUMBNAILIMG) values (246,5,'핫크리스피버거 세트','버거 세트',6700,'핫크리스피버거세트.jpg',0,1,3,0,'-','-');
Insert into KIOSK.MENU (MENUNO,CATEGORYNO,MENUNAME,MENUDESC,MENUPRICE,MENUIMG,ISSPECIAL,ISCHANGE,UNITNO,DISCOUNT,EDITIMG,THUMBNAILIMG) values (247,5,'불고기버거 세트','버거 세트',5900,'불고기버거세트.jpg',0,1,3,0,'-','-');
Insert into KIOSK.MENU (MENUNO,CATEGORYNO,MENUNAME,MENUDESC,MENUPRICE,MENUIMG,ISSPECIAL,ISCHANGE,UNITNO,DISCOUNT,EDITIMG,THUMBNAILIMG) values (248,5,'폴더버거 핫치킨 세트','버거 세트',7500,'폴더버거핫치킨세트.jpg',0,1,3,0,'-','-');
Insert into KIOSK.MENU (MENUNO,CATEGORYNO,MENUNAME,MENUDESC,MENUPRICE,MENUIMG,ISSPECIAL,ISCHANGE,UNITNO,DISCOUNT,EDITIMG,THUMBNAILIMG) values (249,5,'폴더버거 비프 세트','버거 세트',7500,'폴더버거비프세트.jpg',0,1,3,0,'-','-');
Insert into KIOSK.MENU (MENUNO,CATEGORYNO,MENUNAME,MENUDESC,MENUPRICE,MENUIMG,ISSPECIAL,ISCHANGE,UNITNO,DISCOUNT,EDITIMG,THUMBNAILIMG) values (250,5,'리아미라클 버거 세트','버거 세트',7400,'리아미라클버거세트.jpg',0,1,3,0,'-','-');
Insert into KIOSK.MENU (MENUNO,CATEGORYNO,MENUNAME,MENUDESC,MENUPRICE,MENUIMG,ISSPECIAL,ISCHANGE,UNITNO,DISCOUNT,EDITIMG,THUMBNAILIMG) values (251,5,'새우버거 세트','버거 세트',5900,'icon1.png',0,1,3,0,'-','-');
Insert into KIOSK.MENU (MENUNO,CATEGORYNO,MENUNAME,MENUDESC,MENUPRICE,MENUIMG,ISSPECIAL,ISCHANGE,UNITNO,DISCOUNT,EDITIMG,THUMBNAILIMG) values (252,5,'치킨버거 세트','버거 세트',5100,'치킨버거세트.jpg',0,1,3,0,'-','-');
Insert into KIOSK.MENU (MENUNO,CATEGORYNO,MENUNAME,MENUDESC,MENUPRICE,MENUIMG,ISSPECIAL,ISCHANGE,UNITNO,DISCOUNT,EDITIMG,THUMBNAILIMG) values (253,5,'T-Rex버거 세트','버거 세트',6400,'T-Rex버거세트.jpg',0,1,3,0,'-','-');
Insert into KIOSK.MENU (MENUNO,CATEGORYNO,MENUNAME,MENUDESC,MENUPRICE,MENUIMG,ISSPECIAL,ISCHANGE,UNITNO,DISCOUNT,EDITIMG,THUMBNAILIMG) values (254,5,'클래식 치즈버거 세트','버거 세트',6400,'클래식치즈버거세트.jpg',0,1,3,0,'-','-');
Insert into KIOSK.MENU (MENUNO,CATEGORYNO,MENUNAME,MENUDESC,MENUPRICE,MENUIMG,ISSPECIAL,ISCHANGE,UNITNO,DISCOUNT,EDITIMG,THUMBNAILIMG) values (255,5,'데리버거 세트','버거 세트',4900,'데리버거세트.jpg',0,1,3,0,'-','-');
Insert into KIOSK.MENU (MENUNO,CATEGORYNO,MENUNAME,MENUDESC,MENUPRICE,MENUIMG,ISSPECIAL,ISCHANGE,UNITNO,DISCOUNT,EDITIMG,THUMBNAILIMG) values (256,11,'1인혼닭 세트','치킨 세트',11500,'1인혼닭세트.jpg',0,1,5,0,'-','-');
Insert into KIOSK.MENU (MENUNO,CATEGORYNO,MENUNAME,MENUDESC,MENUPRICE,MENUIMG,ISSPECIAL,ISCHANGE,UNITNO,DISCOUNT,EDITIMG,THUMBNAILIMG) values (258,27,'트위스터 세트','담백한 닭가슴살을 신선한 야채와 또띠아에 말아만든 트위스터',6500,'twisterSet.png',0,0,1,0,'-','-');
Insert into KIOSK.MENU (MENUNO,CATEGORYNO,MENUNAME,MENUDESC,MENUPRICE,MENUIMG,ISSPECIAL,ISCHANGE,UNITNO,DISCOUNT,EDITIMG,THUMBNAILIMG) values (259,27,'트위스터 박스','트위스터와 치킨까지 한번에!',8000,'twisterBox.png',0,0,2,0,'-','-');
Insert into KIOSK.MENU (MENUNO,CATEGORYNO,MENUNAME,MENUDESC,MENUPRICE,MENUIMG,ISSPECIAL,ISCHANGE,UNITNO,DISCOUNT,EDITIMG,THUMBNAILIMG) values (333,11,'패밀리팩','신선한 치킨을 사용하여 부드럽고, 담백함과 매콤한 맛이 잘 어우러진 후라이드 치킨* 구성 : 치킨 4조각 + 치킨휠레 2조각 + 화이어윙 2조각 + 콘샐러드 + 치킨소스2(?콘샐러드를 포테이토로 변경 가능 - 121kcal 추가)원산지 치킨/치킨휠레 : 국내산 닭고기 화이어윙 : 덴마크산 닭고기(*화이어윙 원산지는 매장에 따라 한시적으로 태국산을 사용할 수 있습니다)',13600,'1인혼닭세트.jpg',0,0,4,0,'-','-');
Insert into KIOSK.MENU (MENUNO,CATEGORYNO,MENUNAME,MENUDESC,MENUPRICE,MENUIMG,ISSPECIAL,ISCHANGE,UNITNO,DISCOUNT,EDITIMG,THUMBNAILIMG) values (331,5,'한우연인팩','한우불고기버거와 새우버거를 함께 즐길 수 있는 한우연인팩',13900,'한우연인팩.jpg',0,0,5,0,'-','-');
Insert into KIOSK.MENU (MENUNO,CATEGORYNO,MENUNAME,MENUDESC,MENUPRICE,MENUIMG,ISSPECIAL,ISCHANGE,UNITNO,DISCOUNT,EDITIMG,THUMBNAILIMG) values (334,11,'치킨풀팩','신선한 치킨을 사용하여 부드럽고, 담백함과 매콤한 맛이 잘 어우러진 후라이드 치킨* 구성 : 치킨9 + 콘샐러드 + 치킨소스2(콘샐러드를 포테이토로 변경 가능 - 121kcal 추가)?',18800,'치킨풀팩.jpg',0,0,5,0,'-','-');
Insert into KIOSK.MENU (MENUNO,CATEGORYNO,MENUNAME,MENUDESC,MENUPRICE,MENUIMG,ISSPECIAL,ISCHANGE,UNITNO,DISCOUNT,EDITIMG,THUMBNAILIMG) values (335,11,'치킨하프팩','신선한 치킨을 사용하여 부드럽고, 담백함과 매콤한 맛이 잘 어우러진 후라이드 치킨* 구성 : 치킨 4조각 + 콘샐러드 + 치킨소스1(콘샐러드를 포테이토로 변경 가능 - 121kcal 추가)?',9300,'치킨하프팩.jpg',0,0,5,0,'-','-');
Insert into KIOSK.MENU (MENUNO,CATEGORYNO,MENUNAME,MENUDESC,MENUPRICE,MENUIMG,ISSPECIAL,ISCHANGE,UNITNO,DISCOUNT,EDITIMG,THUMBNAILIMG) values (336,11,'순살치킨 풀팩','신선한 치킨 다리살을 이용한 Crispy감이 우수한 순살타입의 치킨메뉴?',15900,'순살치킨풀팩(best).jpg',0,0,5,0,'-','-');
Insert into KIOSK.MENU (MENUNO,CATEGORYNO,MENUNAME,MENUDESC,MENUPRICE,MENUIMG,ISSPECIAL,ISCHANGE,UNITNO,DISCOUNT,EDITIMG,THUMBNAILIMG) values (337,11,'순살치킨 하프팩','신선한 치킨 다리살을 이용한 Crispy감이 우수한 순살타입의 치킨메뉴?',8900,'순살치킨하프팩.jpg',0,0,5,0,'-','-');
Insert into KIOSK.MENU (MENUNO,CATEGORYNO,MENUNAME,MENUDESC,MENUPRICE,MENUIMG,ISSPECIAL,ISCHANGE,UNITNO,DISCOUNT,EDITIMG,THUMBNAILIMG) values (590,7,'텐더 2조각','담백한 치킨 안심살로 만들어 깔끔하게 먹을수 있는 KFC 순살 치킨스낵',3200,'1602072929115c61474d9-e20c-4d78-a310-cd451a2b9992.png',0,0,null,0,'-','-');
Insert into KIOSK.MENU (MENUNO,CATEGORYNO,MENUNAME,MENUDESC,MENUPRICE,MENUIMG,ISSPECIAL,ISCHANGE,UNITNO,DISCOUNT,EDITIMG,THUMBNAILIMG) values (342,378,'콜라','콜라',0,'콜라(R).jpg',0,0,5,0,'-','-');
Insert into KIOSK.MENU (MENUNO,CATEGORYNO,MENUNAME,MENUDESC,MENUPRICE,MENUIMG,ISSPECIAL,ISCHANGE,UNITNO,DISCOUNT,EDITIMG,THUMBNAILIMG) values (343,378,'사이다','사이다',0,'사이다(R).jpg',0,0,5,0,'-','-');
Insert into KIOSK.MENU (MENUNO,CATEGORYNO,MENUNAME,MENUDESC,MENUPRICE,MENUIMG,ISSPECIAL,ISCHANGE,UNITNO,DISCOUNT,EDITIMG,THUMBNAILIMG) values (344,379,'콜라','콜라',0,'콜라(R).jpg',0,0,5,0,'-','-');
Insert into KIOSK.MENU (MENUNO,CATEGORYNO,MENUNAME,MENUDESC,MENUPRICE,MENUIMG,ISSPECIAL,ISCHANGE,UNITNO,DISCOUNT,EDITIMG,THUMBNAILIMG) values (345,379,'사이다','사이다',0,'사이다(R).jpg',0,0,5,0,'-','-');
Insert into KIOSK.MENU (MENUNO,CATEGORYNO,MENUNAME,MENUDESC,MENUPRICE,MENUIMG,ISSPECIAL,ISCHANGE,UNITNO,DISCOUNT,EDITIMG,THUMBNAILIMG) values (346,5,'한우연인팩','한우연인팩 세트',13900,'한우연인팩.jpg',0,0,3,0,'-','-');
Insert into KIOSK.MENU (MENUNO,CATEGORYNO,MENUNAME,MENUDESC,MENUPRICE,MENUIMG,ISSPECIAL,ISCHANGE,UNITNO,DISCOUNT,EDITIMG,THUMBNAILIMG) values (347,11,'치킨풀팩','치킨풀팩세트',18800,'치킨풀팩.jpg',0,0,3,0,'-','-');
Insert into KIOSK.MENU (MENUNO,CATEGORYNO,MENUNAME,MENUDESC,MENUPRICE,MENUIMG,ISSPECIAL,ISCHANGE,UNITNO,DISCOUNT,EDITIMG,THUMBNAILIMG) values (348,11,'치킨하프팩','치킨하프세트',9300,'치킨하프팩.jpg',0,0,3,0,'-','-');
Insert into KIOSK.MENU (MENUNO,CATEGORYNO,MENUNAME,MENUDESC,MENUPRICE,MENUIMG,ISSPECIAL,ISCHANGE,UNITNO,DISCOUNT,EDITIMG,THUMBNAILIMG) values (349,11,'순살치킨 풀팩','순살치킨풀팩 세트',15900,'순살치킨풀팩.jpg',0,0,3,0,'-','-');
Insert into KIOSK.MENU (MENUNO,CATEGORYNO,MENUNAME,MENUDESC,MENUPRICE,MENUIMG,ISSPECIAL,ISCHANGE,UNITNO,DISCOUNT,EDITIMG,THUMBNAILIMG) values (350,11,'순살치킨 하프팩','순살치킨하프팩 세트',8900,'순살치킨하프팩.jpg',0,0,3,0,'-','-');
Insert into KIOSK.MENU (MENUNO,CATEGORYNO,MENUNAME,MENUDESC,MENUPRICE,MENUIMG,ISSPECIAL,ISCHANGE,UNITNO,DISCOUNT,EDITIMG,THUMBNAILIMG) values (351,11,'치킨-1조각','치킨한조각',2300,'치킨1조각.jpg',0,0,5,0,'-','-');
Insert into KIOSK.MENU (MENUNO,CATEGORYNO,MENUNAME,MENUDESC,MENUPRICE,MENUIMG,ISSPECIAL,ISCHANGE,UNITNO,DISCOUNT,EDITIMG,THUMBNAILIMG) values (352,11,'콘샐러드','콘샐러드',1700,'콘샐러드.jpg',0,0,5,0,'-','-');
Insert into KIOSK.MENU (MENUNO,CATEGORYNO,MENUNAME,MENUDESC,MENUPRICE,MENUIMG,ISSPECIAL,ISCHANGE,UNITNO,DISCOUNT,EDITIMG,THUMBNAILIMG) values (353,382,'콘샐러드','콘샐러드 하나',0,'콘샐러드.jpg',0,0,5,0,'-','-');
Insert into KIOSK.MENU (MENUNO,CATEGORYNO,MENUNAME,MENUDESC,MENUPRICE,MENUIMG,ISSPECIAL,ISCHANGE,UNITNO,DISCOUNT,EDITIMG,THUMBNAILIMG) values (354,382,'포테이토','감자튀김',0,'포테이토.jpg',0,0,5,0,'-','-');
Insert into KIOSK.MENU (MENUNO,CATEGORYNO,MENUNAME,MENUDESC,MENUPRICE,MENUIMG,ISSPECIAL,ISCHANGE,UNITNO,DISCOUNT,EDITIMG,THUMBNAILIMG) values (355,383,'핫소스','핫소스',0,'핫소스.png',0,0,5,0,'-','-');
Insert into KIOSK.MENU (MENUNO,CATEGORYNO,MENUNAME,MENUDESC,MENUPRICE,MENUIMG,ISSPECIAL,ISCHANGE,UNITNO,DISCOUNT,EDITIMG,THUMBNAILIMG) values (356,383,'머스타드소스','머스타드소스',0,'머스타드소스.png',0,0,5,0,'-','-');
Insert into KIOSK.MENU (MENUNO,CATEGORYNO,MENUNAME,MENUDESC,MENUPRICE,MENUIMG,ISSPECIAL,ISCHANGE,UNITNO,DISCOUNT,EDITIMG,THUMBNAILIMG) values (293,29,'우유','흰우유',0,'우유.jpg',0,0,5,0,'-','-');
Insert into KIOSK.MENU (MENUNO,CATEGORYNO,MENUNAME,MENUDESC,MENUPRICE,MENUIMG,ISSPECIAL,ISCHANGE,UNITNO,DISCOUNT,EDITIMG,THUMBNAILIMG) values (357,383,'데리야끼소스','데리야끼소스',0,'데리야끼소스.png',0,0,5,0,'-','-');
Insert into KIOSK.MENU (MENUNO,CATEGORYNO,MENUNAME,MENUDESC,MENUPRICE,MENUIMG,ISSPECIAL,ISCHANGE,UNITNO,DISCOUNT,EDITIMG,THUMBNAILIMG) values (358,11,'핫소스','핫소스',500,'핫소스.png',0,0,5,0,'-','-');
Insert into KIOSK.MENU (MENUNO,CATEGORYNO,MENUNAME,MENUDESC,MENUPRICE,MENUIMG,ISSPECIAL,ISCHANGE,UNITNO,DISCOUNT,EDITIMG,THUMBNAILIMG) values (359,11,'데리야끼소스','데리야끼소스',500,'데리야끼소스.png',0,0,5,0,'-','-');
Insert into KIOSK.MENU (MENUNO,CATEGORYNO,MENUNAME,MENUDESC,MENUPRICE,MENUIMG,ISSPECIAL,ISCHANGE,UNITNO,DISCOUNT,EDITIMG,THUMBNAILIMG) values (360,11,'머스타드소스','머스타드소스',500,'머스타드소스.png',0,0,5,0,'-','-');
Insert into KIOSK.MENU (MENUNO,CATEGORYNO,MENUNAME,MENUDESC,MENUPRICE,MENUIMG,ISSPECIAL,ISCHANGE,UNITNO,DISCOUNT,EDITIMG,THUMBNAILIMG) values (309,27,'징거버거 세트','ㅅㄷㄴㅅ',1999,'1600042250244bdd94038-1a2d-4b56-9437-61e78ac02a97.png',0,0,1,0,'-','-');
Insert into KIOSK.MENU (MENUNO,CATEGORYNO,MENUNAME,MENUDESC,MENUPRICE,MENUIMG,ISSPECIAL,ISCHANGE,UNITNO,DISCOUNT,EDITIMG,THUMBNAILIMG) values (362,11,'시즈닝-어니언','어니언맛 시즈닝',200,'어니언맛.jpg',0,0,5,0,'-','-');
Insert into KIOSK.MENU (MENUNO,CATEGORYNO,MENUNAME,MENUDESC,MENUPRICE,MENUIMG,ISSPECIAL,ISCHANGE,UNITNO,DISCOUNT,EDITIMG,THUMBNAILIMG) values (363,11,'시즈닝-치즈','치즈맛 시즈닝',200,'치즈맛.jpg',0,0,5,0,'-','-');
Insert into KIOSK.MENU (MENUNO,CATEGORYNO,MENUNAME,MENUDESC,MENUPRICE,MENUIMG,ISSPECIAL,ISCHANGE,UNITNO,DISCOUNT,EDITIMG,THUMBNAILIMG) values (364,11,'시즈닝-칠리','칠리맛 시즈닝',200,'칠리맛.jpg',0,0,5,0,'-','-');
Insert into KIOSK.MENU (MENUNO,CATEGORYNO,MENUNAME,MENUDESC,MENUPRICE,MENUIMG,ISSPECIAL,ISCHANGE,UNITNO,DISCOUNT,EDITIMG,THUMBNAILIMG) values (365,5,'한우명품팩','한우명품팩 세트',15600,'한우명품팩.jpg',0,0,3,0,'-','-');
Insert into KIOSK.MENU (MENUNO,CATEGORYNO,MENUNAME,MENUDESC,MENUPRICE,MENUIMG,ISSPECIAL,ISCHANGE,UNITNO,DISCOUNT,EDITIMG,THUMBNAILIMG) values (384,28,'지파이 하바네로L','지파이 하바네로L',2800,'지파이하바네로(L).jpg',0,0,5,0,'-','-');
Insert into KIOSK.MENU (MENUNO,CATEGORYNO,MENUNAME,MENUDESC,MENUPRICE,MENUIMG,ISSPECIAL,ISCHANGE,UNITNO,DISCOUNT,EDITIMG,THUMBNAILIMG) values (385,28,'치즈인더에그','치즈인더에그',1500,'치즈인더에그.jpg',0,0,5,0,'-','-');
Insert into KIOSK.MENU (MENUNO,CATEGORYNO,MENUNAME,MENUDESC,MENUPRICE,MENUIMG,ISSPECIAL,ISCHANGE,UNITNO,DISCOUNT,EDITIMG,THUMBNAILIMG) values (386,28,'롯데리아 찐빙','찐빙',2300,'찐빙.jpg',0,0,5,0,'-','-');
Insert into KIOSK.MENU (MENUNO,CATEGORYNO,MENUNAME,MENUDESC,MENUPRICE,MENUIMG,ISSPECIAL,ISCHANGE,UNITNO,DISCOUNT,EDITIMG,THUMBNAILIMG) values (582,7,'닭똥집튀김','매콤~쫄깃한 맛에 중독! 영양까지 만점인 닭똥집튀김의 재등장! KFC 특수부위 베스트셀러인 닭똥집튀김을 즐기자!',3200,'1602071266960c7695613-c8a0-4371-b782-8f1111d7196d.png',1,0,null,2800,'-','-');
Insert into KIOSK.MENU (MENUNO,CATEGORYNO,MENUNAME,MENUDESC,MENUPRICE,MENUIMG,ISSPECIAL,ISCHANGE,UNITNO,DISCOUNT,EDITIMG,THUMBNAILIMG) values (583,27,'리치치즈징거버거','크림체다소스에 체다슬라이스치즈까지?! 치즈 듬뿍! 징거버거의 새로운 변신! 리치치즈징거버거!',6200,'16020686386047b41851c-2f74-4592-b322-4db9ec0a0bfc.png',0,0,null,0,'-','-');
Insert into KIOSK.MENU (MENUNO,CATEGORYNO,MENUNAME,MENUDESC,MENUPRICE,MENUIMG,ISSPECIAL,ISCHANGE,UNITNO,DISCOUNT,EDITIMG,THUMBNAILIMG) values (401,6,'갓양념블랙라벨치킨','KFC에서도 ‘양념 순살’을 먹고 싶다는 고객님들을 위해 준비했다! 블랙라벨 치킨의 변신! 닭다리 통살 블랙라벨이 갓양념과 만났다!',3300,'16020837277614d5326b5-1fd3-4ab0-9d5f-deab6529d604.png',0,0,null,0,'-','-');
Insert into KIOSK.MENU (MENUNO,CATEGORYNO,MENUNAME,MENUDESC,MENUPRICE,MENUIMG,ISSPECIAL,ISCHANGE,UNITNO,DISCOUNT,EDITIMG,THUMBNAILIMG) values (395,384,'시즈닝-어니언','어니언시즈닝',0,'어니언.jpg',0,0,5,0,'-','-');
Insert into KIOSK.MENU (MENUNO,CATEGORYNO,MENUNAME,MENUDESC,MENUPRICE,MENUIMG,ISSPECIAL,ISCHANGE,UNITNO,DISCOUNT,EDITIMG,THUMBNAILIMG) values (396,384,'시즈닝-칠리맛','칠리맛시즈닝',0,'칠리.jpg',0,0,5,0,'-','-');
Insert into KIOSK.MENU (MENUNO,CATEGORYNO,MENUNAME,MENUDESC,MENUPRICE,MENUIMG,ISSPECIAL,ISCHANGE,UNITNO,DISCOUNT,EDITIMG,THUMBNAILIMG) values (397,384,'시즈닝-치즈','칠리맛시즈닝',0,'치즈시즈닝.jpg',0,0,5,0,'-','-');
Insert into KIOSK.MENU (MENUNO,CATEGORYNO,MENUNAME,MENUDESC,MENUPRICE,MENUIMG,ISSPECIAL,ISCHANGE,UNITNO,DISCOUNT,EDITIMG,THUMBNAILIMG) values (584,1,'리치치즈징거버거박스','크림체다소스에 체다슬라이스치즈까지?! 치즈 듬뿍! 징거버거의 새로운 변신! 리치치즈징거버거!',8500,'1602068724599bbfadbd5-df66-4c0d-9895-89bb2aa1ee68.png',1,0,null,0,'-','-');
Insert into KIOSK.MENU (MENUNO,CATEGORYNO,MENUNAME,MENUDESC,MENUPRICE,MENUIMG,ISSPECIAL,ISCHANGE,UNITNO,DISCOUNT,EDITIMG,THUMBNAILIMG) values (585,7,'콘샐러드','고소한 옥수수에 새콤한 드레싱, 각종 신선한 야채를 섞어만든 콘샐러드',1800,'16020709405169da13ab6-c8e9-4a9c-a013-5abd90b41fff.png',2,0,null,0,'-','-');
Insert into KIOSK.MENU (MENUNO,CATEGORYNO,MENUNAME,MENUDESC,MENUPRICE,MENUIMG,ISSPECIAL,ISCHANGE,UNITNO,DISCOUNT,EDITIMG,THUMBNAILIMG) values (586,7,'스위트칠리소스','매콤달콤! 스위트칠리소스',300,'16020710538485356c437-49ac-45c2-bbb0-fc7b64b53ab0.png',2,0,null,0,'-','-');
Insert into KIOSK.MENU (MENUNO,CATEGORYNO,MENUNAME,MENUDESC,MENUPRICE,MENUIMG,ISSPECIAL,ISCHANGE,UNITNO,DISCOUNT,EDITIMG,THUMBNAILIMG) values (587,7,'살사소스','닭껍질튀김의 원조 KFC가 돌아왔다! 전국 출시로 원조의 맛을 즐길 수 있다. 더욱 맛있어지고 다양해진 소스로 함께 즐겨보자! 맛과 풍미가 한층 업그레이드 된 살사소스와 함께 닭껍질튀김을 즐겨보자!',200,'16020711768768b729590-9876-4f91-b384-640e2d1694be.png',2,0,null,0,'-','-');
Insert into KIOSK.MENU (MENUNO,CATEGORYNO,MENUNAME,MENUDESC,MENUPRICE,MENUIMG,ISSPECIAL,ISCHANGE,UNITNO,DISCOUNT,EDITIMG,THUMBNAILIMG) values (600,27,'블랙라벨폴인치즈버거','부드러운 통다리살과 크림치즈, 고다치즈 그리고 블루치즈의 완벽한 조화 블랙라벨 폴인치즈버거 라인업의 완성',7900,'16020859194093172b66f-3355-44fc-b065-2445d826cccc.png',0,0,null,0,'-','-');
Insert into KIOSK.MENU (MENUNO,CATEGORYNO,MENUNAME,MENUDESC,MENUPRICE,MENUIMG,ISSPECIAL,ISCHANGE,UNITNO,DISCOUNT,EDITIMG,THUMBNAILIMG) values (588,7,'닭껍질튀김','닭껍질튀김의 원조 KFC가 돌아왔다! 전국 출시로 원조의 맛을 즐길 수 있다. 더욱 맛있어지고 다양해진 소스로 함께 즐겨보자! 맛과 풍미가 한층 업그레이드 된 살사소스와 함께 닭껍질튀김을 즐겨보자!',2800,'1602072834416131a880e-2ff3-43f1-981d-261a20f8225a.png',0,0,null,0,'-','-');
Insert into KIOSK.MENU (MENUNO,CATEGORYNO,MENUNAME,MENUDESC,MENUPRICE,MENUIMG,ISSPECIAL,ISCHANGE,UNITNO,DISCOUNT,EDITIMG,THUMBNAILIMG) values (589,48,'오렌지쥬스','상큼하고 시원한 오렌지주스',2200,'16020728545016ba26557-4bf2-4ea6-85c2-2bd5ffbc889a.png',0,1,null,0,'-','-');
Insert into KIOSK.MENU (MENUNO,CATEGORYNO,MENUNAME,MENUDESC,MENUPRICE,MENUIMG,ISSPECIAL,ISCHANGE,UNITNO,DISCOUNT,EDITIMG,THUMBNAILIMG) values (599,7,'닭껍질튀김박스','특수부위 시리즈의 원조! 박스로 즐기자! 구성: 닭껍질튀김+살사소스 2개',8300,'160208405705051c87d2b-745e-4af3-8f21-69a0b17de8f8.png',0,0,null,0,'-','-');
Insert into KIOSK.MENU (MENUNO,CATEGORYNO,MENUNAME,MENUDESC,MENUPRICE,MENUIMG,ISSPECIAL,ISCHANGE,UNITNO,DISCOUNT,EDITIMG,THUMBNAILIMG) values (594,48,'아메리카노(M)','KFC만의 고품질 원두를 사용해 향과 맛이 뛰어난 아메리카노',2100,'1602073723073df44d2b7-8bb6-4d21-a767-2dc6461eaf63.png',0,1,null,0,'-','-');
Insert into KIOSK.MENU (MENUNO,CATEGORYNO,MENUNAME,MENUDESC,MENUPRICE,MENUIMG,ISSPECIAL,ISCHANGE,UNITNO,DISCOUNT,EDITIMG,THUMBNAILIMG) values (601,27,'이탈리안타워버거','부드러운 식감의 살라미햄과 진한 풍미의 시크릿 소스까지 더해져 더욱 풍부해진 맛과 식감으로 업그레이드 된 이탈리안타워버거!',6600,'1602085963019b5041f0f-03bf-4d6e-96c4-75f8c2f54fab.png',0,0,null,0,'-','-');
Insert into KIOSK.MENU (MENUNO,CATEGORYNO,MENUNAME,MENUDESC,MENUPRICE,MENUIMG,ISSPECIAL,ISCHANGE,UNITNO,DISCOUNT,EDITIMG,THUMBNAILIMG) values (593,48,'생맥주','깊고 풍부한 생맥주 치맥 매장에 한해 판매되며, 19세 이상 신분증 확인 후 판매됩니다.',3000,'160207358154046cbf4aa-4438-4c28-9571-fefa05ba35f8.png',0,1,null,0,'-','-');
Insert into KIOSK.MENU (MENUNO,CATEGORYNO,MENUNAME,MENUDESC,MENUPRICE,MENUIMG,ISSPECIAL,ISCHANGE,UNITNO,DISCOUNT,EDITIMG,THUMBNAILIMG) values (595,48,'아이스아메리카노(M)','KFC만의 고품질 원두를 사용해 향과 맛이 뛰어난 아메리카노',2100,'1602073805079a2bc7e5b-972f-453d-8f37-6604219623bb.png',0,1,null,0,'-','-');
Insert into KIOSK.MENU (MENUNO,CATEGORYNO,MENUNAME,MENUDESC,MENUPRICE,MENUIMG,ISSPECIAL,ISCHANGE,UNITNO,DISCOUNT,EDITIMG,THUMBNAILIMG) values (606,7,'핫윙 2조각','매콤하게 양념하여 치킨 날개를 바삭하게 튀겨낸 KFC 대표 치킨스낵',3200,'1602129723554b2cb2af9-9edf-42a3-9503-d5796034a724.png',4,0,null,0,'-','-');
Insert into KIOSK.MENU (MENUNO,CATEGORYNO,MENUNAME,MENUDESC,MENUPRICE,MENUIMG,ISSPECIAL,ISCHANGE,UNITNO,DISCOUNT,EDITIMG,THUMBNAILIMG) values (596,48,'아이스아메리카노(L)','KFC만의 고품질 원두를 사용해 향과 맛이 뛰어난 아메리카노',2600,'160207382686804198d55-5f56-437d-94cb-970ade878a4c.png',0,1,null,0,'-','-');
Insert into KIOSK.MENU (MENUNO,CATEGORYNO,MENUNAME,MENUDESC,MENUPRICE,MENUIMG,ISSPECIAL,ISCHANGE,UNITNO,DISCOUNT,EDITIMG,THUMBNAILIMG) values (597,48,'스프라이트(M)','속까지 시원해지는 청량음료 스프라이트!',2000,'1602073994327e541f35e-d69d-41d6-91ae-3f57b1918f85.png',0,1,null,0,'-','-');
Insert into KIOSK.MENU (MENUNO,CATEGORYNO,MENUNAME,MENUDESC,MENUPRICE,MENUIMG,ISSPECIAL,ISCHANGE,UNITNO,DISCOUNT,EDITIMG,THUMBNAILIMG) values (598,1,'[행사]닭껍질튀김+텐더3','KFC 특수부위 시리즈의 전설, 닭껍질튀김!
치킨 안심살로 깔끔한 텐더! 
둘다 맛보고 싶다면? 3,500원이라는 핫한 가격으로 즐겨보자!',3500,'1602074407578c462903d-8770-41ed-a2e8-ef347e7249b3.png',1,0,null,0,'-','-');
Insert into KIOSK.MENU (MENUNO,CATEGORYNO,MENUNAME,MENUDESC,MENUPRICE,MENUIMG,ISSPECIAL,ISCHANGE,UNITNO,DISCOUNT,EDITIMG,THUMBNAILIMG) values (607,7,'핫윙 2조각','매콤하게 양념하여 치킨 날개를 바삭하게 튀겨낸 KFC 대표 치킨 스낵',3200,'1602130552288bf83ba91-ab3f-4c6f-becf-809365bada94.png',4,0,null,0,'-','-');
REM INSERTING into KIOSK.PROMOTIONMENU
SET DEFINE OFF;
Insert into KIOSK.PROMOTIONMENU (MENUNO,PROMOTIONNO) values (584,212);
Insert into KIOSK.PROMOTIONMENU (MENUNO,PROMOTIONNO) values (584,203);
Insert into KIOSK.PROMOTIONMENU (MENUNO,PROMOTIONNO) values (584,163);
Insert into KIOSK.PROMOTIONMENU (MENUNO,PROMOTIONNO) values (598,588);
Insert into KIOSK.PROMOTIONMENU (MENUNO,PROMOTIONNO) values (598,590);
Insert into KIOSK.PROMOTIONMENU (MENUNO,PROMOTIONNO) values (584,583);
REM INSERTING into KIOSK.SETUNIT
SET DEFINE OFF;
Insert into KIOSK.SETUNIT (UNITNO,STORENO,UNITNAME) values (1,1,'세트');
Insert into KIOSK.SETUNIT (UNITNO,STORENO,UNITNAME) values (2,1,'박스');
Insert into KIOSK.SETUNIT (UNITNO,STORENO,UNITNAME) values (3,2,'세트');
Insert into KIOSK.SETUNIT (UNITNO,STORENO,UNITNAME) values (4,2,'콤보');
Insert into KIOSK.SETUNIT (UNITNO,STORENO,UNITNAME) values (5,2,'단일');
Insert into KIOSK.SETUNIT (UNITNO,STORENO,UNITNAME) values (78,1,'콤보');
REM INSERTING into KIOSK.SPECIALMENU
SET DEFINE OFF;
REM INSERTING into KIOSK.STATISTICS
SET DEFINE OFF;
Insert into KIOSK.STATISTICS (STATISTICSNO,STORENO,ENDPOINT,LEVELS,CHALLENGEDATE) values (29,1,'주문전 메인','어려움',to_date('20/03/22','RR/MM/DD'));
Insert into KIOSK.STATISTICS (STATISTICSNO,STORENO,ENDPOINT,LEVELS,CHALLENGEDATE) values (30,1,'주문전 메인','어려움',to_date('20/03/22','RR/MM/DD'));
Insert into KIOSK.STATISTICS (STATISTICSNO,STORENO,ENDPOINT,LEVELS,CHALLENGEDATE) values (31,1,'clear','어려움',to_date('20/03/22','RR/MM/DD'));
Insert into KIOSK.STATISTICS (STATISTICSNO,STORENO,ENDPOINT,LEVELS,CHALLENGEDATE) values (32,1,'세트 선택 모달','어려움',to_date('20/03/22','RR/MM/DD'));
Insert into KIOSK.STATISTICS (STATISTICSNO,STORENO,ENDPOINT,LEVELS,CHALLENGEDATE) values (33,1,'사이드 변경','쉬움',to_date('20/03/22','RR/MM/DD'));
Insert into KIOSK.STATISTICS (STATISTICSNO,STORENO,ENDPOINT,LEVELS,CHALLENGEDATE) values (34,1,'사이드 변경','쉬움',to_date('20/04/22','RR/MM/DD'));
Insert into KIOSK.STATISTICS (STATISTICSNO,STORENO,ENDPOINT,LEVELS,CHALLENGEDATE) values (35,1,'clear','쉬움',to_date('20/04/22','RR/MM/DD'));
Insert into KIOSK.STATISTICS (STATISTICSNO,STORENO,ENDPOINT,LEVELS,CHALLENGEDATE) values (36,1,'장소 선택','쉬움',to_date('20/04/22','RR/MM/DD'));
Insert into KIOSK.STATISTICS (STATISTICSNO,STORENO,ENDPOINT,LEVELS,CHALLENGEDATE) values (37,1,'추천 메뉴','쉬움',to_date('20/04/22','RR/MM/DD'));
Insert into KIOSK.STATISTICS (STATISTICSNO,STORENO,ENDPOINT,LEVELS,CHALLENGEDATE) values (38,1,'clear','쉬움',to_date('20/05/22','RR/MM/DD'));
Insert into KIOSK.STATISTICS (STATISTICSNO,STORENO,ENDPOINT,LEVELS,CHALLENGEDATE) values (39,1,'결제 방법 선택','쉬움',to_date('20/05/22','RR/MM/DD'));
Insert into KIOSK.STATISTICS (STATISTICSNO,STORENO,ENDPOINT,LEVELS,CHALLENGEDATE) values (40,1,'결제 정보 확인','쉬움',to_date('20/06/22','RR/MM/DD'));
Insert into KIOSK.STATISTICS (STATISTICSNO,STORENO,ENDPOINT,LEVELS,CHALLENGEDATE) values (41,1,'결제','쉬움',to_date('20/06/22','RR/MM/DD'));
Insert into KIOSK.STATISTICS (STATISTICSNO,STORENO,ENDPOINT,LEVELS,CHALLENGEDATE) values (42,1,'clear','쉬움',to_date('20/06/22','RR/MM/DD'));
Insert into KIOSK.STATISTICS (STATISTICSNO,STORENO,ENDPOINT,LEVELS,CHALLENGEDATE) values (43,2,'clear','어려움',to_date('20/07/22','RR/MM/DD'));
Insert into KIOSK.STATISTICS (STATISTICSNO,STORENO,ENDPOINT,LEVELS,CHALLENGEDATE) values (44,2,'clear','쉬움',to_date('20/07/22','RR/MM/DD'));
Insert into KIOSK.STATISTICS (STATISTICSNO,STORENO,ENDPOINT,LEVELS,CHALLENGEDATE) values (45,1,'clear','쉬움',to_date('19/07/12','RR/MM/DD'));
Insert into KIOSK.STATISTICS (STATISTICSNO,STORENO,ENDPOINT,LEVELS,CHALLENGEDATE) values (46,1,'결제','쉬움',to_date('20/09/22','RR/MM/DD'));
Insert into KIOSK.STATISTICS (STATISTICSNO,STORENO,ENDPOINT,LEVELS,CHALLENGEDATE) values (47,1,'clear','쉬움',to_date('20/09/22','RR/MM/DD'));
Insert into KIOSK.STATISTICS (STATISTICSNO,STORENO,ENDPOINT,LEVELS,CHALLENGEDATE) values (27,1,'clear','어려움',to_date('20/03/22','RR/MM/DD'));
Insert into KIOSK.STATISTICS (STATISTICSNO,STORENO,ENDPOINT,LEVELS,CHALLENGEDATE) values (28,1,'clear','어려움',to_date('20/03/22','RR/MM/DD'));
Insert into KIOSK.STATISTICS (STATISTICSNO,STORENO,ENDPOINT,LEVELS,CHALLENGEDATE) values (48,1,'clear','쉬움',to_date('20/09/22','RR/MM/DD'));
Insert into KIOSK.STATISTICS (STATISTICSNO,STORENO,ENDPOINT,LEVELS,CHALLENGEDATE) values (49,1,'장소 선택','쉬움',to_date('20/09/22','RR/MM/DD'));
Insert into KIOSK.STATISTICS (STATISTICSNO,STORENO,ENDPOINT,LEVELS,CHALLENGEDATE) values (50,1,'clear','쉬움',to_date('20/09/22','RR/MM/DD'));
Insert into KIOSK.STATISTICS (STATISTICSNO,STORENO,ENDPOINT,LEVELS,CHALLENGEDATE) values (51,1,'결제','쉬움',to_date('20/09/22','RR/MM/DD'));
Insert into KIOSK.STATISTICS (STATISTICSNO,STORENO,ENDPOINT,LEVELS,CHALLENGEDATE) values (52,1,'주문전 메인','쉬움',to_date('20/09/23','RR/MM/DD'));
Insert into KIOSK.STATISTICS (STATISTICSNO,STORENO,ENDPOINT,LEVELS,CHALLENGEDATE) values (53,1,'주문전 메인','쉬움',to_date('20/09/23','RR/MM/DD'));
Insert into KIOSK.STATISTICS (STATISTICSNO,STORENO,ENDPOINT,LEVELS,CHALLENGEDATE) values (54,1,'주문전 메인','쉬움',to_date('20/09/23','RR/MM/DD'));
Insert into KIOSK.STATISTICS (STATISTICSNO,STORENO,ENDPOINT,LEVELS,CHALLENGEDATE) values (55,1,'주문전 메인','쉬움',to_date('20/09/23','RR/MM/DD'));
Insert into KIOSK.STATISTICS (STATISTICSNO,STORENO,ENDPOINT,LEVELS,CHALLENGEDATE) values (57,1,'clear','어려움',to_date('20/09/23','RR/MM/DD'));
Insert into KIOSK.STATISTICS (STATISTICSNO,STORENO,ENDPOINT,LEVELS,CHALLENGEDATE) values (58,1,'clear','어려움',to_date('20/09/23','RR/MM/DD'));
Insert into KIOSK.STATISTICS (STATISTICSNO,STORENO,ENDPOINT,LEVELS,CHALLENGEDATE) values (59,1,'clear','쉬움',to_date('20/09/23','RR/MM/DD'));
Insert into KIOSK.STATISTICS (STATISTICSNO,STORENO,ENDPOINT,LEVELS,CHALLENGEDATE) values (60,1,'clear','쉬움',to_date('20/09/23','RR/MM/DD'));
Insert into KIOSK.STATISTICS (STATISTICSNO,STORENO,ENDPOINT,LEVELS,CHALLENGEDATE) values (61,1,'clear','쉬움',to_date('20/09/23','RR/MM/DD'));
Insert into KIOSK.STATISTICS (STATISTICSNO,STORENO,ENDPOINT,LEVELS,CHALLENGEDATE) values (62,1,'clear','쉬움',to_date('20/09/23','RR/MM/DD'));
Insert into KIOSK.STATISTICS (STATISTICSNO,STORENO,ENDPOINT,LEVELS,CHALLENGEDATE) values (63,1,'사이드 변경','쉬움',to_date('20/09/23','RR/MM/DD'));
Insert into KIOSK.STATISTICS (STATISTICSNO,STORENO,ENDPOINT,LEVELS,CHALLENGEDATE) values (64,1,'clear','쉬움',to_date('20/09/23','RR/MM/DD'));
Insert into KIOSK.STATISTICS (STATISTICSNO,STORENO,ENDPOINT,LEVELS,CHALLENGEDATE) values (65,1,'clear','어려움',to_date('20/09/23','RR/MM/DD'));
Insert into KIOSK.STATISTICS (STATISTICSNO,STORENO,ENDPOINT,LEVELS,CHALLENGEDATE) values (66,1,'장소 선택','쉬움',to_date('20/09/23','RR/MM/DD'));
Insert into KIOSK.STATISTICS (STATISTICSNO,STORENO,ENDPOINT,LEVELS,CHALLENGEDATE) values (67,1,'clear','쉬움',to_date('20/09/24','RR/MM/DD'));
Insert into KIOSK.STATISTICS (STATISTICSNO,STORENO,ENDPOINT,LEVELS,CHALLENGEDATE) values (68,1,'clear','어려움',to_date('20/09/24','RR/MM/DD'));
Insert into KIOSK.STATISTICS (STATISTICSNO,STORENO,ENDPOINT,LEVELS,CHALLENGEDATE) values (69,1,'주문전 메인','쉬움',to_date('20/09/24','RR/MM/DD'));
Insert into KIOSK.STATISTICS (STATISTICSNO,STORENO,ENDPOINT,LEVELS,CHALLENGEDATE) values (70,1,'clear','쉬움',to_date('20/09/24','RR/MM/DD'));
Insert into KIOSK.STATISTICS (STATISTICSNO,STORENO,ENDPOINT,LEVELS,CHALLENGEDATE) values (71,1,'결제','쉬움',to_date('20/09/24','RR/MM/DD'));
Insert into KIOSK.STATISTICS (STATISTICSNO,STORENO,ENDPOINT,LEVELS,CHALLENGEDATE) values (72,1,'clear','쉬움',to_date('20/09/24','RR/MM/DD'));
Insert into KIOSK.STATISTICS (STATISTICSNO,STORENO,ENDPOINT,LEVELS,CHALLENGEDATE) values (73,1,'결제','쉬움',to_date('20/09/24','RR/MM/DD'));
Insert into KIOSK.STATISTICS (STATISTICSNO,STORENO,ENDPOINT,LEVELS,CHALLENGEDATE) values (74,1,'clear','어려움',to_date('20/09/24','RR/MM/DD'));
Insert into KIOSK.STATISTICS (STATISTICSNO,STORENO,ENDPOINT,LEVELS,CHALLENGEDATE) values (75,1,'주문전 메인','쉬움',to_date('20/09/24','RR/MM/DD'));
Insert into KIOSK.STATISTICS (STATISTICSNO,STORENO,ENDPOINT,LEVELS,CHALLENGEDATE) values (76,1,'주문전 메인','쉬움',to_date('20/09/24','RR/MM/DD'));
Insert into KIOSK.STATISTICS (STATISTICSNO,STORENO,ENDPOINT,LEVELS,CHALLENGEDATE) values (77,1,'주문전 메인','쉬움',to_date('20/09/25','RR/MM/DD'));
Insert into KIOSK.STATISTICS (STATISTICSNO,STORENO,ENDPOINT,LEVELS,CHALLENGEDATE) values (78,1,'주문전 메인','쉬움',to_date('20/09/25','RR/MM/DD'));
Insert into KIOSK.STATISTICS (STATISTICSNO,STORENO,ENDPOINT,LEVELS,CHALLENGEDATE) values (79,1,'clear','어려움',to_date('20/09/25','RR/MM/DD'));
Insert into KIOSK.STATISTICS (STATISTICSNO,STORENO,ENDPOINT,LEVELS,CHALLENGEDATE) values (80,1,'clear','어려움',to_date('20/09/25','RR/MM/DD'));
Insert into KIOSK.STATISTICS (STATISTICSNO,STORENO,ENDPOINT,LEVELS,CHALLENGEDATE) values (81,1,'clear','쉬움',to_date('20/09/25','RR/MM/DD'));
Insert into KIOSK.STATISTICS (STATISTICSNO,STORENO,ENDPOINT,LEVELS,CHALLENGEDATE) values (82,1,'clear','쉬움',to_date('20/09/25','RR/MM/DD'));
Insert into KIOSK.STATISTICS (STATISTICSNO,STORENO,ENDPOINT,LEVELS,CHALLENGEDATE) values (83,1,'clear','어려움',to_date('20/09/25','RR/MM/DD'));
Insert into KIOSK.STATISTICS (STATISTICSNO,STORENO,ENDPOINT,LEVELS,CHALLENGEDATE) values (84,1,'clear','쉬움',to_date('20/09/25','RR/MM/DD'));
Insert into KIOSK.STATISTICS (STATISTICSNO,STORENO,ENDPOINT,LEVELS,CHALLENGEDATE) values (85,1,'결제','쉬움',to_date('20/09/25','RR/MM/DD'));
Insert into KIOSK.STATISTICS (STATISTICSNO,STORENO,ENDPOINT,LEVELS,CHALLENGEDATE) values (86,1,'주문전 메인','쉬움',to_date('20/09/25','RR/MM/DD'));
Insert into KIOSK.STATISTICS (STATISTICSNO,STORENO,ENDPOINT,LEVELS,CHALLENGEDATE) values (87,1,'장소 선택','쉬움',to_date('20/09/25','RR/MM/DD'));
Insert into KIOSK.STATISTICS (STATISTICSNO,STORENO,ENDPOINT,LEVELS,CHALLENGEDATE) values (88,1,'주문전 메인','쉬움',to_date('20/09/25','RR/MM/DD'));
Insert into KIOSK.STATISTICS (STATISTICSNO,STORENO,ENDPOINT,LEVELS,CHALLENGEDATE) values (89,1,'장소 선택','쉬움',to_date('20/09/25','RR/MM/DD'));
Insert into KIOSK.STATISTICS (STATISTICSNO,STORENO,ENDPOINT,LEVELS,CHALLENGEDATE) values (90,1,'주문전 메인','쉬움',to_date('20/09/25','RR/MM/DD'));
Insert into KIOSK.STATISTICS (STATISTICSNO,STORENO,ENDPOINT,LEVELS,CHALLENGEDATE) values (95,1,'주문후 메인','쉬움',to_date('20/09/25','RR/MM/DD'));
Insert into KIOSK.STATISTICS (STATISTICSNO,STORENO,ENDPOINT,LEVELS,CHALLENGEDATE) values (96,1,'주문전 메인','쉬움',to_date('20/09/25','RR/MM/DD'));
Insert into KIOSK.STATISTICS (STATISTICSNO,STORENO,ENDPOINT,LEVELS,CHALLENGEDATE) values (97,1,'세트 선택','쉬움',to_date('20/09/25','RR/MM/DD'));
Insert into KIOSK.STATISTICS (STATISTICSNO,STORENO,ENDPOINT,LEVELS,CHALLENGEDATE) values (98,1,'주문전 메인',null,to_date('20/09/25','RR/MM/DD'));
Insert into KIOSK.STATISTICS (STATISTICSNO,STORENO,ENDPOINT,LEVELS,CHALLENGEDATE) values (99,1,'세트 선택',null,to_date('20/09/25','RR/MM/DD'));
Insert into KIOSK.STATISTICS (STATISTICSNO,STORENO,ENDPOINT,LEVELS,CHALLENGEDATE) values (100,1,'clear',null,to_date('20/09/25','RR/MM/DD'));
Insert into KIOSK.STATISTICS (STATISTICSNO,STORENO,ENDPOINT,LEVELS,CHALLENGEDATE) values (101,1,'주문전 메인',null,to_date('20/09/25','RR/MM/DD'));
Insert into KIOSK.STATISTICS (STATISTICSNO,STORENO,ENDPOINT,LEVELS,CHALLENGEDATE) values (106,2,'주문전 메인',null,to_date('20/09/25','RR/MM/DD'));
Insert into KIOSK.STATISTICS (STATISTICSNO,STORENO,ENDPOINT,LEVELS,CHALLENGEDATE) values (103,1,'clear','어려움',to_date('20/09/25','RR/MM/DD'));
Insert into KIOSK.STATISTICS (STATISTICSNO,STORENO,ENDPOINT,LEVELS,CHALLENGEDATE) values (105,2,'결',null,to_date('20/09/25','RR/MM/DD'));
Insert into KIOSK.STATISTICS (STATISTICSNO,STORENO,ENDPOINT,LEVELS,CHALLENGEDATE) values (107,2,'주문후 메인',null,to_date('20/09/25','RR/MM/DD'));
Insert into KIOSK.STATISTICS (STATISTICSNO,STORENO,ENDPOINT,LEVELS,CHALLENGEDATE) values (108,2,'단품/세트/콤보 선택',null,to_date('20/09/25','RR/MM/DD'));
Insert into KIOSK.STATISTICS (STATISTICSNO,STORENO,ENDPOINT,LEVELS,CHALLENGEDATE) values (109,2,'사이드 선택',null,to_date('20/09/25','RR/MM/DD'));
Insert into KIOSK.STATISTICS (STATISTICSNO,STORENO,ENDPOINT,LEVELS,CHALLENGEDATE) values (110,2,'장소 선택전 결제',null,to_date('20/09/25','RR/MM/DD'));
Insert into KIOSK.STATISTICS (STATISTICSNO,STORENO,ENDPOINT,LEVELS,CHALLENGEDATE) values (111,2,'장소 선택전 결제',null,to_date('20/09/25','RR/MM/DD'));
Insert into KIOSK.STATISTICS (STATISTICSNO,STORENO,ENDPOINT,LEVELS,CHALLENGEDATE) values (112,2,'장소 선택후 결제',null,to_date('20/09/25','RR/MM/DD'));
Insert into KIOSK.STATISTICS (STATISTICSNO,STORENO,ENDPOINT,LEVELS,CHALLENGEDATE) values (113,2,'장소 선택전 결제',null,to_date('20/09/25','RR/MM/DD'));
Insert into KIOSK.STATISTICS (STATISTICSNO,STORENO,ENDPOINT,LEVELS,CHALLENGEDATE) values (114,2,'clear','쉬움',to_date('20/09/25','RR/MM/DD'));
Insert into KIOSK.STATISTICS (STATISTICSNO,STORENO,ENDPOINT,LEVELS,CHALLENGEDATE) values (115,2,'clear','어려움',to_date('20/09/25','RR/MM/DD'));
Insert into KIOSK.STATISTICS (STATISTICSNO,STORENO,ENDPOINT,LEVELS,CHALLENGEDATE) values (116,1,'주문전 메인','쉬움',to_date('20/09/28','RR/MM/DD'));
Insert into KIOSK.STATISTICS (STATISTICSNO,STORENO,ENDPOINT,LEVELS,CHALLENGEDATE) values (117,1,'주문전 메인','쉬움',to_date('20/09/28','RR/MM/DD'));
Insert into KIOSK.STATISTICS (STATISTICSNO,STORENO,ENDPOINT,LEVELS,CHALLENGEDATE) values (118,1,'주문전 메인',null,to_date('20/09/28','RR/MM/DD'));
Insert into KIOSK.STATISTICS (STATISTICSNO,STORENO,ENDPOINT,LEVELS,CHALLENGEDATE) values (119,1,'주문전 메인',null,to_date('20/09/28','RR/MM/DD'));
Insert into KIOSK.STATISTICS (STATISTICSNO,STORENO,ENDPOINT,LEVELS,CHALLENGEDATE) values (120,1,'주문전 메인',null,to_date('20/09/28','RR/MM/DD'));
Insert into KIOSK.STATISTICS (STATISTICSNO,STORENO,ENDPOINT,LEVELS,CHALLENGEDATE) values (121,1,'주문전 메인',null,to_date('20/09/28','RR/MM/DD'));
Insert into KIOSK.STATISTICS (STATISTICSNO,STORENO,ENDPOINT,LEVELS,CHALLENGEDATE) values (122,1,'주문전 메인',null,to_date('20/09/28','RR/MM/DD'));
Insert into KIOSK.STATISTICS (STATISTICSNO,STORENO,ENDPOINT,LEVELS,CHALLENGEDATE) values (123,1,'clear',null,to_date('20/09/28','RR/MM/DD'));
Insert into KIOSK.STATISTICS (STATISTICSNO,STORENO,ENDPOINT,LEVELS,CHALLENGEDATE) values (124,1,'clear','어려움',to_date('20/09/28','RR/MM/DD'));
Insert into KIOSK.STATISTICS (STATISTICSNO,STORENO,ENDPOINT,LEVELS,CHALLENGEDATE) values (125,2,'광고',null,to_date('20/09/28','RR/MM/DD'));
Insert into KIOSK.STATISTICS (STATISTICSNO,STORENO,ENDPOINT,LEVELS,CHALLENGEDATE) values (126,1,'주문전 메인','쉬움',to_date('20/09/28','RR/MM/DD'));
Insert into KIOSK.STATISTICS (STATISTICSNO,STORENO,ENDPOINT,LEVELS,CHALLENGEDATE) values (127,1,'clear','쉬움',to_date('20/09/28','RR/MM/DD'));
Insert into KIOSK.STATISTICS (STATISTICSNO,STORENO,ENDPOINT,LEVELS,CHALLENGEDATE) values (128,1,'clear','쉬움',to_date('20/09/28','RR/MM/DD'));
Insert into KIOSK.STATISTICS (STATISTICSNO,STORENO,ENDPOINT,LEVELS,CHALLENGEDATE) values (129,1,'clear','어려움',to_date('20/09/28','RR/MM/DD'));
Insert into KIOSK.STATISTICS (STATISTICSNO,STORENO,ENDPOINT,LEVELS,CHALLENGEDATE) values (130,1,'결제',null,to_date('20/09/28','RR/MM/DD'));
Insert into KIOSK.STATISTICS (STATISTICSNO,STORENO,ENDPOINT,LEVELS,CHALLENGEDATE) values (131,1,'사이드 변경',null,to_date('20/09/28','RR/MM/DD'));
Insert into KIOSK.STATISTICS (STATISTICSNO,STORENO,ENDPOINT,LEVELS,CHALLENGEDATE) values (132,1,'주문후 메인',null,to_date('20/09/28','RR/MM/DD'));
Insert into KIOSK.STATISTICS (STATISTICSNO,STORENO,ENDPOINT,LEVELS,CHALLENGEDATE) values (133,1,'주문전 메인',null,to_date('20/09/28','RR/MM/DD'));
Insert into KIOSK.STATISTICS (STATISTICSNO,STORENO,ENDPOINT,LEVELS,CHALLENGEDATE) values (134,1,'주문전 메인',null,to_date('20/09/28','RR/MM/DD'));
Insert into KIOSK.STATISTICS (STATISTICSNO,STORENO,ENDPOINT,LEVELS,CHALLENGEDATE) values (135,1,'주문전 메인',null,to_date('20/09/28','RR/MM/DD'));
Insert into KIOSK.STATISTICS (STATISTICSNO,STORENO,ENDPOINT,LEVELS,CHALLENGEDATE) values (136,1,'세트 선택',null,to_date('20/09/28','RR/MM/DD'));
Insert into KIOSK.STATISTICS (STATISTICSNO,STORENO,ENDPOINT,LEVELS,CHALLENGEDATE) values (137,1,'주문전 메인',null,to_date('20/09/28','RR/MM/DD'));
Insert into KIOSK.STATISTICS (STATISTICSNO,STORENO,ENDPOINT,LEVELS,CHALLENGEDATE) values (138,1,'세트 선택',null,to_date('20/09/28','RR/MM/DD'));
Insert into KIOSK.STATISTICS (STATISTICSNO,STORENO,ENDPOINT,LEVELS,CHALLENGEDATE) values (139,1,'세트 선택',null,to_date('20/09/28','RR/MM/DD'));
Insert into KIOSK.STATISTICS (STATISTICSNO,STORENO,ENDPOINT,LEVELS,CHALLENGEDATE) values (140,1,'주문전 메인',null,to_date('20/09/28','RR/MM/DD'));
Insert into KIOSK.STATISTICS (STATISTICSNO,STORENO,ENDPOINT,LEVELS,CHALLENGEDATE) values (141,1,'주문전 메인',null,to_date('20/09/28','RR/MM/DD'));
Insert into KIOSK.STATISTICS (STATISTICSNO,STORENO,ENDPOINT,LEVELS,CHALLENGEDATE) values (142,1,'주문전 메인',null,to_date('20/09/28','RR/MM/DD'));
Insert into KIOSK.STATISTICS (STATISTICSNO,STORENO,ENDPOINT,LEVELS,CHALLENGEDATE) values (143,1,'주문전 메인',null,to_date('20/09/28','RR/MM/DD'));
Insert into KIOSK.STATISTICS (STATISTICSNO,STORENO,ENDPOINT,LEVELS,CHALLENGEDATE) values (144,1,'주문전 메인',null,to_date('20/09/28','RR/MM/DD'));
Insert into KIOSK.STATISTICS (STATISTICSNO,STORENO,ENDPOINT,LEVELS,CHALLENGEDATE) values (145,1,'주문전 메인',null,to_date('20/09/28','RR/MM/DD'));
Insert into KIOSK.STATISTICS (STATISTICSNO,STORENO,ENDPOINT,LEVELS,CHALLENGEDATE) values (146,1,'주문전 메인',null,to_date('20/09/28','RR/MM/DD'));
Insert into KIOSK.STATISTICS (STATISTICSNO,STORENO,ENDPOINT,LEVELS,CHALLENGEDATE) values (147,1,'주문후 메인',null,to_date('20/09/28','RR/MM/DD'));
Insert into KIOSK.STATISTICS (STATISTICSNO,STORENO,ENDPOINT,LEVELS,CHALLENGEDATE) values (148,1,'주문전 메인',null,to_date('20/09/28','RR/MM/DD'));
Insert into KIOSK.STATISTICS (STATISTICSNO,STORENO,ENDPOINT,LEVELS,CHALLENGEDATE) values (149,1,'주문전 메인',null,to_date('20/09/28','RR/MM/DD'));
Insert into KIOSK.STATISTICS (STATISTICSNO,STORENO,ENDPOINT,LEVELS,CHALLENGEDATE) values (150,1,'주문전 메인',null,to_date('20/09/28','RR/MM/DD'));
Insert into KIOSK.STATISTICS (STATISTICSNO,STORENO,ENDPOINT,LEVELS,CHALLENGEDATE) values (151,1,'주문전 메인',null,to_date('20/09/28','RR/MM/DD'));
Insert into KIOSK.STATISTICS (STATISTICSNO,STORENO,ENDPOINT,LEVELS,CHALLENGEDATE) values (152,1,'세트 선택',null,to_date('20/09/28','RR/MM/DD'));
Insert into KIOSK.STATISTICS (STATISTICSNO,STORENO,ENDPOINT,LEVELS,CHALLENGEDATE) values (153,1,'주문전 메인',null,to_date('20/09/28','RR/MM/DD'));
Insert into KIOSK.STATISTICS (STATISTICSNO,STORENO,ENDPOINT,LEVELS,CHALLENGEDATE) values (154,1,'주문전 메인',null,to_date('20/09/28','RR/MM/DD'));
Insert into KIOSK.STATISTICS (STATISTICSNO,STORENO,ENDPOINT,LEVELS,CHALLENGEDATE) values (155,1,'주문전 메인',null,to_date('20/09/28','RR/MM/DD'));
Insert into KIOSK.STATISTICS (STATISTICSNO,STORENO,ENDPOINT,LEVELS,CHALLENGEDATE) values (156,1,'주문전 메인',null,to_date('20/09/28','RR/MM/DD'));
Insert into KIOSK.STATISTICS (STATISTICSNO,STORENO,ENDPOINT,LEVELS,CHALLENGEDATE) values (157,1,'주문전 메인',null,to_date('20/09/28','RR/MM/DD'));
Insert into KIOSK.STATISTICS (STATISTICSNO,STORENO,ENDPOINT,LEVELS,CHALLENGEDATE) values (158,1,'장소 선택',null,to_date('20/09/28','RR/MM/DD'));
Insert into KIOSK.STATISTICS (STATISTICSNO,STORENO,ENDPOINT,LEVELS,CHALLENGEDATE) values (159,1,'주문전 메인',null,to_date('20/09/28','RR/MM/DD'));
Insert into KIOSK.STATISTICS (STATISTICSNO,STORENO,ENDPOINT,LEVELS,CHALLENGEDATE) values (160,1,'주문전 메인',null,to_date('20/09/28','RR/MM/DD'));
Insert into KIOSK.STATISTICS (STATISTICSNO,STORENO,ENDPOINT,LEVELS,CHALLENGEDATE) values (161,1,'결제',null,to_date('20/09/28','RR/MM/DD'));
Insert into KIOSK.STATISTICS (STATISTICSNO,STORENO,ENDPOINT,LEVELS,CHALLENGEDATE) values (162,1,'주문전 메인',null,to_date('20/09/28','RR/MM/DD'));
Insert into KIOSK.STATISTICS (STATISTICSNO,STORENO,ENDPOINT,LEVELS,CHALLENGEDATE) values (163,1,'주문전 메인',null,to_date('20/09/28','RR/MM/DD'));
Insert into KIOSK.STATISTICS (STATISTICSNO,STORENO,ENDPOINT,LEVELS,CHALLENGEDATE) values (164,1,'주문전 메인',null,to_date('20/09/28','RR/MM/DD'));
Insert into KIOSK.STATISTICS (STATISTICSNO,STORENO,ENDPOINT,LEVELS,CHALLENGEDATE) values (165,1,'사이드 변경',null,to_date('20/09/28','RR/MM/DD'));
Insert into KIOSK.STATISTICS (STATISTICSNO,STORENO,ENDPOINT,LEVELS,CHALLENGEDATE) values (166,1,'주문 목록',null,to_date('20/09/28','RR/MM/DD'));
Insert into KIOSK.STATISTICS (STATISTICSNO,STORENO,ENDPOINT,LEVELS,CHALLENGEDATE) values (167,1,'주문후 메인',null,to_date('20/09/28','RR/MM/DD'));
Insert into KIOSK.STATISTICS (STATISTICSNO,STORENO,ENDPOINT,LEVELS,CHALLENGEDATE) values (168,1,'세트 선택',null,to_date('20/09/28','RR/MM/DD'));
Insert into KIOSK.STATISTICS (STATISTICSNO,STORENO,ENDPOINT,LEVELS,CHALLENGEDATE) values (169,1,'사이드 변경',null,to_date('20/09/28','RR/MM/DD'));
Insert into KIOSK.STATISTICS (STATISTICSNO,STORENO,ENDPOINT,LEVELS,CHALLENGEDATE) values (170,1,'사이드 변경',null,to_date('20/09/28','RR/MM/DD'));
Insert into KIOSK.STATISTICS (STATISTICSNO,STORENO,ENDPOINT,LEVELS,CHALLENGEDATE) values (171,1,'clear',null,to_date('20/09/28','RR/MM/DD'));
Insert into KIOSK.STATISTICS (STATISTICSNO,STORENO,ENDPOINT,LEVELS,CHALLENGEDATE) values (172,1,'결제',null,to_date('20/09/28','RR/MM/DD'));
Insert into KIOSK.STATISTICS (STATISTICSNO,STORENO,ENDPOINT,LEVELS,CHALLENGEDATE) values (173,1,'장소 선택',null,to_date('20/09/28','RR/MM/DD'));
Insert into KIOSK.STATISTICS (STATISTICSNO,STORENO,ENDPOINT,LEVELS,CHALLENGEDATE) values (174,1,'장소 선택',null,to_date('20/09/28','RR/MM/DD'));
Insert into KIOSK.STATISTICS (STATISTICSNO,STORENO,ENDPOINT,LEVELS,CHALLENGEDATE) values (175,1,'주문후 메인',null,to_date('20/09/28','RR/MM/DD'));
Insert into KIOSK.STATISTICS (STATISTICSNO,STORENO,ENDPOINT,LEVELS,CHALLENGEDATE) values (176,1,'주문후 메인',null,to_date('20/09/28','RR/MM/DD'));
Insert into KIOSK.STATISTICS (STATISTICSNO,STORENO,ENDPOINT,LEVELS,CHALLENGEDATE) values (177,1,'주문후 메인',null,to_date('20/09/28','RR/MM/DD'));
Insert into KIOSK.STATISTICS (STATISTICSNO,STORENO,ENDPOINT,LEVELS,CHALLENGEDATE) values (178,1,'주문후 메인',null,to_date('20/09/28','RR/MM/DD'));
Insert into KIOSK.STATISTICS (STATISTICSNO,STORENO,ENDPOINT,LEVELS,CHALLENGEDATE) values (179,1,'주문후 메인',null,to_date('20/09/28','RR/MM/DD'));
Insert into KIOSK.STATISTICS (STATISTICSNO,STORENO,ENDPOINT,LEVELS,CHALLENGEDATE) values (180,1,'주문전 메인',null,to_date('20/09/28','RR/MM/DD'));
Insert into KIOSK.STATISTICS (STATISTICSNO,STORENO,ENDPOINT,LEVELS,CHALLENGEDATE) values (181,1,'주문전 메인',null,to_date('20/09/28','RR/MM/DD'));
Insert into KIOSK.STATISTICS (STATISTICSNO,STORENO,ENDPOINT,LEVELS,CHALLENGEDATE) values (182,1,'주문전 메인',null,to_date('20/09/28','RR/MM/DD'));
Insert into KIOSK.STATISTICS (STATISTICSNO,STORENO,ENDPOINT,LEVELS,CHALLENGEDATE) values (183,1,'주문전 메인',null,to_date('20/09/28','RR/MM/DD'));
Insert into KIOSK.STATISTICS (STATISTICSNO,STORENO,ENDPOINT,LEVELS,CHALLENGEDATE) values (184,1,'세트 선택',null,to_date('20/09/28','RR/MM/DD'));
Insert into KIOSK.STATISTICS (STATISTICSNO,STORENO,ENDPOINT,LEVELS,CHALLENGEDATE) values (185,1,'사이드 변경',null,to_date('20/09/28','RR/MM/DD'));
Insert into KIOSK.STATISTICS (STATISTICSNO,STORENO,ENDPOINT,LEVELS,CHALLENGEDATE) values (186,1,'세트 선택',null,to_date('20/09/28','RR/MM/DD'));
Insert into KIOSK.STATISTICS (STATISTICSNO,STORENO,ENDPOINT,LEVELS,CHALLENGEDATE) values (187,1,'사이드 변경',null,to_date('20/09/28','RR/MM/DD'));
Insert into KIOSK.STATISTICS (STATISTICSNO,STORENO,ENDPOINT,LEVELS,CHALLENGEDATE) values (188,1,'세트 선택',null,to_date('20/09/28','RR/MM/DD'));
Insert into KIOSK.STATISTICS (STATISTICSNO,STORENO,ENDPOINT,LEVELS,CHALLENGEDATE) values (189,1,'주문전 메인',null,to_date('20/09/29','RR/MM/DD'));
Insert into KIOSK.STATISTICS (STATISTICSNO,STORENO,ENDPOINT,LEVELS,CHALLENGEDATE) values (190,2,'광고',null,to_date('20/09/29','RR/MM/DD'));
Insert into KIOSK.STATISTICS (STATISTICSNO,STORENO,ENDPOINT,LEVELS,CHALLENGEDATE) values (191,1,'주문전 메인',null,to_date('20/09/29','RR/MM/DD'));
Insert into KIOSK.STATISTICS (STATISTICSNO,STORENO,ENDPOINT,LEVELS,CHALLENGEDATE) values (192,1,'주문전 메인',null,to_date('20/09/29','RR/MM/DD'));
Insert into KIOSK.STATISTICS (STATISTICSNO,STORENO,ENDPOINT,LEVELS,CHALLENGEDATE) values (193,2,'광고',null,to_date('20/09/29','RR/MM/DD'));
Insert into KIOSK.STATISTICS (STATISTICSNO,STORENO,ENDPOINT,LEVELS,CHALLENGEDATE) values (194,2,'주문후 메인',null,to_date('20/09/29','RR/MM/DD'));
Insert into KIOSK.STATISTICS (STATISTICSNO,STORENO,ENDPOINT,LEVELS,CHALLENGEDATE) values (195,2,'주문전 메인',null,to_date('20/09/29','RR/MM/DD'));
Insert into KIOSK.STATISTICS (STATISTICSNO,STORENO,ENDPOINT,LEVELS,CHALLENGEDATE) values (196,1,'주문 목록',null,to_date('20/09/29','RR/MM/DD'));
Insert into KIOSK.STATISTICS (STATISTICSNO,STORENO,ENDPOINT,LEVELS,CHALLENGEDATE) values (197,1,'추천 메뉴',null,to_date('20/09/29','RR/MM/DD'));
Insert into KIOSK.STATISTICS (STATISTICSNO,STORENO,ENDPOINT,LEVELS,CHALLENGEDATE) values (198,1,'장소 선택',null,to_date('20/09/29','RR/MM/DD'));
Insert into KIOSK.STATISTICS (STATISTICSNO,STORENO,ENDPOINT,LEVELS,CHALLENGEDATE) values (199,1,'clear',null,to_date('20/09/29','RR/MM/DD'));
Insert into KIOSK.STATISTICS (STATISTICSNO,STORENO,ENDPOINT,LEVELS,CHALLENGEDATE) values (200,1,'clear','쉬움',to_date('20/09/29','RR/MM/DD'));
Insert into KIOSK.STATISTICS (STATISTICSNO,STORENO,ENDPOINT,LEVELS,CHALLENGEDATE) values (201,1,'clear',null,to_date('20/09/29','RR/MM/DD'));
Insert into KIOSK.STATISTICS (STATISTICSNO,STORENO,ENDPOINT,LEVELS,CHALLENGEDATE) values (202,1,'clear','어려움',to_date('20/09/29','RR/MM/DD'));
Insert into KIOSK.STATISTICS (STATISTICSNO,STORENO,ENDPOINT,LEVELS,CHALLENGEDATE) values (203,1,'clear',null,to_date('20/09/29','RR/MM/DD'));
Insert into KIOSK.STATISTICS (STATISTICSNO,STORENO,ENDPOINT,LEVELS,CHALLENGEDATE) values (204,1,'clear','어려움',to_date('20/09/29','RR/MM/DD'));
Insert into KIOSK.STATISTICS (STATISTICSNO,STORENO,ENDPOINT,LEVELS,CHALLENGEDATE) values (205,1,'주문전 메인',null,to_date('20/09/29','RR/MM/DD'));
Insert into KIOSK.STATISTICS (STATISTICSNO,STORENO,ENDPOINT,LEVELS,CHALLENGEDATE) values (206,1,'주문전 메인',null,to_date('20/09/29','RR/MM/DD'));
Insert into KIOSK.STATISTICS (STATISTICSNO,STORENO,ENDPOINT,LEVELS,CHALLENGEDATE) values (207,1,'clear',null,to_date('20/09/29','RR/MM/DD'));
Insert into KIOSK.STATISTICS (STATISTICSNO,STORENO,ENDPOINT,LEVELS,CHALLENGEDATE) values (208,1,'clear','어려움',to_date('20/09/29','RR/MM/DD'));
Insert into KIOSK.STATISTICS (STATISTICSNO,STORENO,ENDPOINT,LEVELS,CHALLENGEDATE) values (209,1,'결제 방법 선택',null,to_date('20/09/29','RR/MM/DD'));
Insert into KIOSK.STATISTICS (STATISTICSNO,STORENO,ENDPOINT,LEVELS,CHALLENGEDATE) values (210,1,'결제 방법 선택',null,to_date('20/09/29','RR/MM/DD'));
Insert into KIOSK.STATISTICS (STATISTICSNO,STORENO,ENDPOINT,LEVELS,CHALLENGEDATE) values (211,1,'clear','쉬움',to_date('20/09/29','RR/MM/DD'));
Insert into KIOSK.STATISTICS (STATISTICSNO,STORENO,ENDPOINT,LEVELS,CHALLENGEDATE) values (212,1,'clear',null,to_date('20/09/29','RR/MM/DD'));
Insert into KIOSK.STATISTICS (STATISTICSNO,STORENO,ENDPOINT,LEVELS,CHALLENGEDATE) values (213,1,'clear',null,to_date('20/09/29','RR/MM/DD'));
Insert into KIOSK.STATISTICS (STATISTICSNO,STORENO,ENDPOINT,LEVELS,CHALLENGEDATE) values (214,1,'clear','쉬움',to_date('20/09/29','RR/MM/DD'));
Insert into KIOSK.STATISTICS (STATISTICSNO,STORENO,ENDPOINT,LEVELS,CHALLENGEDATE) values (215,1,'주문전 메인',null,to_date('20/09/29','RR/MM/DD'));
Insert into KIOSK.STATISTICS (STATISTICSNO,STORENO,ENDPOINT,LEVELS,CHALLENGEDATE) values (216,1,'clear',null,to_date('20/09/29','RR/MM/DD'));
Insert into KIOSK.STATISTICS (STATISTICSNO,STORENO,ENDPOINT,LEVELS,CHALLENGEDATE) values (217,1,'clear','어려움',to_date('20/09/29','RR/MM/DD'));
Insert into KIOSK.STATISTICS (STATISTICSNO,STORENO,ENDPOINT,LEVELS,CHALLENGEDATE) values (218,1,'결제 방법 선택',null,to_date('20/09/29','RR/MM/DD'));
Insert into KIOSK.STATISTICS (STATISTICSNO,STORENO,ENDPOINT,LEVELS,CHALLENGEDATE) values (219,1,'clear',null,to_date('20/09/29','RR/MM/DD'));
Insert into KIOSK.STATISTICS (STATISTICSNO,STORENO,ENDPOINT,LEVELS,CHALLENGEDATE) values (220,1,'clear','쉬움',to_date('20/09/29','RR/MM/DD'));
Insert into KIOSK.STATISTICS (STATISTICSNO,STORENO,ENDPOINT,LEVELS,CHALLENGEDATE) values (221,1,'결제 방법 선택',null,to_date('20/09/29','RR/MM/DD'));
Insert into KIOSK.STATISTICS (STATISTICSNO,STORENO,ENDPOINT,LEVELS,CHALLENGEDATE) values (222,1,'결제 방법 선택',null,to_date('20/09/29','RR/MM/DD'));
Insert into KIOSK.STATISTICS (STATISTICSNO,STORENO,ENDPOINT,LEVELS,CHALLENGEDATE) values (223,1,'결제 방법 선택',null,to_date('20/09/29','RR/MM/DD'));
Insert into KIOSK.STATISTICS (STATISTICSNO,STORENO,ENDPOINT,LEVELS,CHALLENGEDATE) values (224,1,'결제 방법 선택',null,to_date('20/09/29','RR/MM/DD'));
Insert into KIOSK.STATISTICS (STATISTICSNO,STORENO,ENDPOINT,LEVELS,CHALLENGEDATE) values (225,1,'결제 정보 확인',null,to_date('20/09/29','RR/MM/DD'));
Insert into KIOSK.STATISTICS (STATISTICSNO,STORENO,ENDPOINT,LEVELS,CHALLENGEDATE) values (226,1,'결제 방법 선택',null,to_date('20/09/29','RR/MM/DD'));
Insert into KIOSK.STATISTICS (STATISTICSNO,STORENO,ENDPOINT,LEVELS,CHALLENGEDATE) values (227,1,'결제 정보 확인',null,to_date('20/09/29','RR/MM/DD'));
Insert into KIOSK.STATISTICS (STATISTICSNO,STORENO,ENDPOINT,LEVELS,CHALLENGEDATE) values (228,1,'주문전 메인',null,to_date('20/09/29','RR/MM/DD'));
Insert into KIOSK.STATISTICS (STATISTICSNO,STORENO,ENDPOINT,LEVELS,CHALLENGEDATE) values (229,1,'결제 방법 선택',null,to_date('20/09/29','RR/MM/DD'));
Insert into KIOSK.STATISTICS (STATISTICSNO,STORENO,ENDPOINT,LEVELS,CHALLENGEDATE) values (230,1,'결제 방법 선택',null,to_date('20/09/29','RR/MM/DD'));
Insert into KIOSK.STATISTICS (STATISTICSNO,STORENO,ENDPOINT,LEVELS,CHALLENGEDATE) values (231,1,'결제 방법 선택',null,to_date('20/09/29','RR/MM/DD'));
Insert into KIOSK.STATISTICS (STATISTICSNO,STORENO,ENDPOINT,LEVELS,CHALLENGEDATE) values (232,1,'clear',null,to_date('20/09/29','RR/MM/DD'));
Insert into KIOSK.STATISTICS (STATISTICSNO,STORENO,ENDPOINT,LEVELS,CHALLENGEDATE) values (233,1,'clear','쉬움',to_date('20/09/29','RR/MM/DD'));
Insert into KIOSK.STATISTICS (STATISTICSNO,STORENO,ENDPOINT,LEVELS,CHALLENGEDATE) values (234,1,'주문전 메인',null,to_date('20/09/29','RR/MM/DD'));
Insert into KIOSK.STATISTICS (STATISTICSNO,STORENO,ENDPOINT,LEVELS,CHALLENGEDATE) values (235,1,'clear',null,to_date('20/09/29','RR/MM/DD'));
Insert into KIOSK.STATISTICS (STATISTICSNO,STORENO,ENDPOINT,LEVELS,CHALLENGEDATE) values (236,1,'결제',null,to_date('20/09/29','RR/MM/DD'));
Insert into KIOSK.STATISTICS (STATISTICSNO,STORENO,ENDPOINT,LEVELS,CHALLENGEDATE) values (237,1,'결제 정보 확인',null,to_date('20/09/29','RR/MM/DD'));
Insert into KIOSK.STATISTICS (STATISTICSNO,STORENO,ENDPOINT,LEVELS,CHALLENGEDATE) values (238,1,'결제 방법 선택',null,to_date('20/09/29','RR/MM/DD'));
Insert into KIOSK.STATISTICS (STATISTICSNO,STORENO,ENDPOINT,LEVELS,CHALLENGEDATE) values (239,1,'결제 정보 확인',null,to_date('20/09/29','RR/MM/DD'));
Insert into KIOSK.STATISTICS (STATISTICSNO,STORENO,ENDPOINT,LEVELS,CHALLENGEDATE) values (240,1,'결제 정보 확인',null,to_date('20/09/29','RR/MM/DD'));
Insert into KIOSK.STATISTICS (STATISTICSNO,STORENO,ENDPOINT,LEVELS,CHALLENGEDATE) values (241,1,'결제 정보 확인',null,to_date('20/09/29','RR/MM/DD'));
Insert into KIOSK.STATISTICS (STATISTICSNO,STORENO,ENDPOINT,LEVELS,CHALLENGEDATE) values (242,1,'결제 방법 선택',null,to_date('20/09/29','RR/MM/DD'));
Insert into KIOSK.STATISTICS (STATISTICSNO,STORENO,ENDPOINT,LEVELS,CHALLENGEDATE) values (243,1,'결제 방법 선택',null,to_date('20/09/29','RR/MM/DD'));
Insert into KIOSK.STATISTICS (STATISTICSNO,STORENO,ENDPOINT,LEVELS,CHALLENGEDATE) values (244,1,'주문전 메인',null,to_date('20/09/29','RR/MM/DD'));
Insert into KIOSK.STATISTICS (STATISTICSNO,STORENO,ENDPOINT,LEVELS,CHALLENGEDATE) values (245,1,'주문후 메인',null,to_date('20/09/29','RR/MM/DD'));
Insert into KIOSK.STATISTICS (STATISTICSNO,STORENO,ENDPOINT,LEVELS,CHALLENGEDATE) values (246,1,'결제 정보 확인',null,to_date('20/09/29','RR/MM/DD'));
Insert into KIOSK.STATISTICS (STATISTICSNO,STORENO,ENDPOINT,LEVELS,CHALLENGEDATE) values (247,1,'결제 정보 확인',null,to_date('20/09/29','RR/MM/DD'));
Insert into KIOSK.STATISTICS (STATISTICSNO,STORENO,ENDPOINT,LEVELS,CHALLENGEDATE) values (248,1,'주문후 메인',null,to_date('20/09/29','RR/MM/DD'));
Insert into KIOSK.STATISTICS (STATISTICSNO,STORENO,ENDPOINT,LEVELS,CHALLENGEDATE) values (249,1,'clear',null,to_date('20/09/29','RR/MM/DD'));
Insert into KIOSK.STATISTICS (STATISTICSNO,STORENO,ENDPOINT,LEVELS,CHALLENGEDATE) values (250,1,'clear','쉬움',to_date('20/09/29','RR/MM/DD'));
Insert into KIOSK.STATISTICS (STATISTICSNO,STORENO,ENDPOINT,LEVELS,CHALLENGEDATE) values (251,2,'광고',null,to_date('20/09/29','RR/MM/DD'));
Insert into KIOSK.STATISTICS (STATISTICSNO,STORENO,ENDPOINT,LEVELS,CHALLENGEDATE) values (252,1,'주문전 메인',null,to_date('20/09/29','RR/MM/DD'));
Insert into KIOSK.STATISTICS (STATISTICSNO,STORENO,ENDPOINT,LEVELS,CHALLENGEDATE) values (253,1,'clear',null,to_date('20/09/29','RR/MM/DD'));
Insert into KIOSK.STATISTICS (STATISTICSNO,STORENO,ENDPOINT,LEVELS,CHALLENGEDATE) values (254,1,'clear','쉬움',to_date('20/09/29','RR/MM/DD'));
Insert into KIOSK.STATISTICS (STATISTICSNO,STORENO,ENDPOINT,LEVELS,CHALLENGEDATE) values (255,2,'장소 선택전 결제',null,to_date('20/09/29','RR/MM/DD'));
Insert into KIOSK.STATISTICS (STATISTICSNO,STORENO,ENDPOINT,LEVELS,CHALLENGEDATE) values (256,2,'주문전 메인',null,to_date('20/09/29','RR/MM/DD'));
Insert into KIOSK.STATISTICS (STATISTICSNO,STORENO,ENDPOINT,LEVELS,CHALLENGEDATE) values (257,2,'결제수단선택',null,to_date('20/09/29','RR/MM/DD'));
Insert into KIOSK.STATISTICS (STATISTICSNO,STORENO,ENDPOINT,LEVELS,CHALLENGEDATE) values (258,2,'광고',null,to_date('20/09/29','RR/MM/DD'));
Insert into KIOSK.STATISTICS (STATISTICSNO,STORENO,ENDPOINT,LEVELS,CHALLENGEDATE) values (259,1,'clear',null,to_date('20/09/29','RR/MM/DD'));
Insert into KIOSK.STATISTICS (STATISTICSNO,STORENO,ENDPOINT,LEVELS,CHALLENGEDATE) values (260,1,'clear','쉬움',to_date('20/09/29','RR/MM/DD'));
Insert into KIOSK.STATISTICS (STATISTICSNO,STORENO,ENDPOINT,LEVELS,CHALLENGEDATE) values (261,1,'주문전 메인',null,to_date('20/09/29','RR/MM/DD'));
Insert into KIOSK.STATISTICS (STATISTICSNO,STORENO,ENDPOINT,LEVELS,CHALLENGEDATE) values (262,1,'주문전 메인',null,to_date('20/09/29','RR/MM/DD'));
Insert into KIOSK.STATISTICS (STATISTICSNO,STORENO,ENDPOINT,LEVELS,CHALLENGEDATE) values (263,1,'주문전 메인',null,to_date('20/09/29','RR/MM/DD'));
Insert into KIOSK.STATISTICS (STATISTICSNO,STORENO,ENDPOINT,LEVELS,CHALLENGEDATE) values (264,1,'주문전 메인',null,to_date('20/09/29','RR/MM/DD'));
Insert into KIOSK.STATISTICS (STATISTICSNO,STORENO,ENDPOINT,LEVELS,CHALLENGEDATE) values (265,1,'clear',null,to_date('20/09/29','RR/MM/DD'));
Insert into KIOSK.STATISTICS (STATISTICSNO,STORENO,ENDPOINT,LEVELS,CHALLENGEDATE) values (266,1,'clear','어려움',to_date('20/09/29','RR/MM/DD'));
Insert into KIOSK.STATISTICS (STATISTICSNO,STORENO,ENDPOINT,LEVELS,CHALLENGEDATE) values (267,1,'clear',null,to_date('20/09/29','RR/MM/DD'));
Insert into KIOSK.STATISTICS (STATISTICSNO,STORENO,ENDPOINT,LEVELS,CHALLENGEDATE) values (268,1,'clear','어려움',to_date('20/09/29','RR/MM/DD'));
Insert into KIOSK.STATISTICS (STATISTICSNO,STORENO,ENDPOINT,LEVELS,CHALLENGEDATE) values (269,1,'주문전 메인',null,to_date('20/09/29','RR/MM/DD'));
Insert into KIOSK.STATISTICS (STATISTICSNO,STORENO,ENDPOINT,LEVELS,CHALLENGEDATE) values (270,1,'주문전 메인',null,to_date('20/09/29','RR/MM/DD'));
Insert into KIOSK.STATISTICS (STATISTICSNO,STORENO,ENDPOINT,LEVELS,CHALLENGEDATE) values (271,1,'주문전 메인',null,to_date('20/09/29','RR/MM/DD'));
Insert into KIOSK.STATISTICS (STATISTICSNO,STORENO,ENDPOINT,LEVELS,CHALLENGEDATE) values (272,1,'주문 목록',null,to_date('20/09/29','RR/MM/DD'));
Insert into KIOSK.STATISTICS (STATISTICSNO,STORENO,ENDPOINT,LEVELS,CHALLENGEDATE) values (273,1,'주문 목록',null,to_date('20/09/29','RR/MM/DD'));
Insert into KIOSK.STATISTICS (STATISTICSNO,STORENO,ENDPOINT,LEVELS,CHALLENGEDATE) values (289,1,'주문전 메인',null,to_date('20/10/01','RR/MM/DD'));
Insert into KIOSK.STATISTICS (STATISTICSNO,STORENO,ENDPOINT,LEVELS,CHALLENGEDATE) values (290,1,'결제 방법 선택',null,to_date('20/10/01','RR/MM/DD'));
Insert into KIOSK.STATISTICS (STATISTICSNO,STORENO,ENDPOINT,LEVELS,CHALLENGEDATE) values (291,1,'주문전 메인',null,to_date('20/10/01','RR/MM/DD'));
Insert into KIOSK.STATISTICS (STATISTICSNO,STORENO,ENDPOINT,LEVELS,CHALLENGEDATE) values (292,1,'장소 선택',null,to_date('20/10/01','RR/MM/DD'));
Insert into KIOSK.STATISTICS (STATISTICSNO,STORENO,ENDPOINT,LEVELS,CHALLENGEDATE) values (293,1,'주문전 메인',null,to_date('20/10/01','RR/MM/DD'));
Insert into KIOSK.STATISTICS (STATISTICSNO,STORENO,ENDPOINT,LEVELS,CHALLENGEDATE) values (311,1,'주문전 메인',null,to_date('20/10/02','RR/MM/DD'));
Insert into KIOSK.STATISTICS (STATISTICSNO,STORENO,ENDPOINT,LEVELS,CHALLENGEDATE) values (312,1,'주문전 메인',null,to_date('20/10/02','RR/MM/DD'));
Insert into KIOSK.STATISTICS (STATISTICSNO,STORENO,ENDPOINT,LEVELS,CHALLENGEDATE) values (313,2,'광고',null,to_date('20/10/02','RR/MM/DD'));
Insert into KIOSK.STATISTICS (STATISTICSNO,STORENO,ENDPOINT,LEVELS,CHALLENGEDATE) values (314,2,'주문후 메인',null,to_date('20/10/02','RR/MM/DD'));
Insert into KIOSK.STATISTICS (STATISTICSNO,STORENO,ENDPOINT,LEVELS,CHALLENGEDATE) values (315,2,'광고',null,to_date('20/10/02','RR/MM/DD'));
Insert into KIOSK.STATISTICS (STATISTICSNO,STORENO,ENDPOINT,LEVELS,CHALLENGEDATE) values (316,1,'주문전 메인',null,to_date('20/10/02','RR/MM/DD'));
Insert into KIOSK.STATISTICS (STATISTICSNO,STORENO,ENDPOINT,LEVELS,CHALLENGEDATE) values (317,1,'장소 선택',null,to_date('20/10/02','RR/MM/DD'));
Insert into KIOSK.STATISTICS (STATISTICSNO,STORENO,ENDPOINT,LEVELS,CHALLENGEDATE) values (318,1,'주문전 메인',null,to_date('20/10/02','RR/MM/DD'));
Insert into KIOSK.STATISTICS (STATISTICSNO,STORENO,ENDPOINT,LEVELS,CHALLENGEDATE) values (319,1,'주문전 메인',null,to_date('20/10/02','RR/MM/DD'));
Insert into KIOSK.STATISTICS (STATISTICSNO,STORENO,ENDPOINT,LEVELS,CHALLENGEDATE) values (320,1,'주문전 메인',null,to_date('20/10/02','RR/MM/DD'));
Insert into KIOSK.STATISTICS (STATISTICSNO,STORENO,ENDPOINT,LEVELS,CHALLENGEDATE) values (321,1,'주문전 메인',null,to_date('20/10/02','RR/MM/DD'));
Insert into KIOSK.STATISTICS (STATISTICSNO,STORENO,ENDPOINT,LEVELS,CHALLENGEDATE) values (322,1,'추천 메뉴',null,to_date('20/10/02','RR/MM/DD'));
Insert into KIOSK.STATISTICS (STATISTICSNO,STORENO,ENDPOINT,LEVELS,CHALLENGEDATE) values (323,1,'주문전 메인',null,to_date('20/10/02','RR/MM/DD'));
Insert into KIOSK.STATISTICS (STATISTICSNO,STORENO,ENDPOINT,LEVELS,CHALLENGEDATE) values (324,1,'주문전 메인',null,to_date('20/10/02','RR/MM/DD'));
Insert into KIOSK.STATISTICS (STATISTICSNO,STORENO,ENDPOINT,LEVELS,CHALLENGEDATE) values (325,1,'결제',null,to_date('20/10/02','RR/MM/DD'));
Insert into KIOSK.STATISTICS (STATISTICSNO,STORENO,ENDPOINT,LEVELS,CHALLENGEDATE) values (326,1,'결제',null,to_date('20/10/02','RR/MM/DD'));
Insert into KIOSK.STATISTICS (STATISTICSNO,STORENO,ENDPOINT,LEVELS,CHALLENGEDATE) values (327,1,'결제 정보 확인',null,to_date('20/10/02','RR/MM/DD'));
Insert into KIOSK.STATISTICS (STATISTICSNO,STORENO,ENDPOINT,LEVELS,CHALLENGEDATE) values (328,1,'결제',null,to_date('20/10/02','RR/MM/DD'));
Insert into KIOSK.STATISTICS (STATISTICSNO,STORENO,ENDPOINT,LEVELS,CHALLENGEDATE) values (329,1,'결제',null,to_date('20/10/02','RR/MM/DD'));
Insert into KIOSK.STATISTICS (STATISTICSNO,STORENO,ENDPOINT,LEVELS,CHALLENGEDATE) values (330,1,'주문 목록',null,to_date('20/10/02','RR/MM/DD'));
Insert into KIOSK.STATISTICS (STATISTICSNO,STORENO,ENDPOINT,LEVELS,CHALLENGEDATE) values (331,1,'결제',null,to_date('20/10/02','RR/MM/DD'));
Insert into KIOSK.STATISTICS (STATISTICSNO,STORENO,ENDPOINT,LEVELS,CHALLENGEDATE) values (332,1,'결제',null,to_date('20/10/02','RR/MM/DD'));
Insert into KIOSK.STATISTICS (STATISTICSNO,STORENO,ENDPOINT,LEVELS,CHALLENGEDATE) values (333,1,'결제 방법 선택',null,to_date('20/10/02','RR/MM/DD'));
Insert into KIOSK.STATISTICS (STATISTICSNO,STORENO,ENDPOINT,LEVELS,CHALLENGEDATE) values (334,1,'결제',null,to_date('20/10/02','RR/MM/DD'));
Insert into KIOSK.STATISTICS (STATISTICSNO,STORENO,ENDPOINT,LEVELS,CHALLENGEDATE) values (335,1,'결제 정보 확인',null,to_date('20/10/02','RR/MM/DD'));
Insert into KIOSK.STATISTICS (STATISTICSNO,STORENO,ENDPOINT,LEVELS,CHALLENGEDATE) values (336,1,'주문후 메인',null,to_date('20/10/02','RR/MM/DD'));
Insert into KIOSK.STATISTICS (STATISTICSNO,STORENO,ENDPOINT,LEVELS,CHALLENGEDATE) values (337,1,'주문 목록',null,to_date('20/10/03','RR/MM/DD'));
Insert into KIOSK.STATISTICS (STATISTICSNO,STORENO,ENDPOINT,LEVELS,CHALLENGEDATE) values (338,1,'추천 메뉴',null,to_date('20/10/03','RR/MM/DD'));
Insert into KIOSK.STATISTICS (STATISTICSNO,STORENO,ENDPOINT,LEVELS,CHALLENGEDATE) values (339,1,'추천 메뉴',null,to_date('20/10/03','RR/MM/DD'));
Insert into KIOSK.STATISTICS (STATISTICSNO,STORENO,ENDPOINT,LEVELS,CHALLENGEDATE) values (340,1,'주문전 메인',null,to_date('20/10/03','RR/MM/DD'));
Insert into KIOSK.STATISTICS (STATISTICSNO,STORENO,ENDPOINT,LEVELS,CHALLENGEDATE) values (341,1,'주문후 메인',null,to_date('20/10/03','RR/MM/DD'));
Insert into KIOSK.STATISTICS (STATISTICSNO,STORENO,ENDPOINT,LEVELS,CHALLENGEDATE) values (342,1,'주문후 메인',null,to_date('20/10/03','RR/MM/DD'));
Insert into KIOSK.STATISTICS (STATISTICSNO,STORENO,ENDPOINT,LEVELS,CHALLENGEDATE) values (343,1,'주문전 메인',null,to_date('20/10/03','RR/MM/DD'));
Insert into KIOSK.STATISTICS (STATISTICSNO,STORENO,ENDPOINT,LEVELS,CHALLENGEDATE) values (344,1,'주문전 메인',null,to_date('20/10/03','RR/MM/DD'));
Insert into KIOSK.STATISTICS (STATISTICSNO,STORENO,ENDPOINT,LEVELS,CHALLENGEDATE) values (345,1,'주문전 메인',null,to_date('20/10/03','RR/MM/DD'));
Insert into KIOSK.STATISTICS (STATISTICSNO,STORENO,ENDPOINT,LEVELS,CHALLENGEDATE) values (346,1,'주문전 메인',null,to_date('20/10/03','RR/MM/DD'));
Insert into KIOSK.STATISTICS (STATISTICSNO,STORENO,ENDPOINT,LEVELS,CHALLENGEDATE) values (347,1,'주문전 메인',null,to_date('20/10/03','RR/MM/DD'));
Insert into KIOSK.STATISTICS (STATISTICSNO,STORENO,ENDPOINT,LEVELS,CHALLENGEDATE) values (348,1,'주문전 메인',null,to_date('20/10/03','RR/MM/DD'));
Insert into KIOSK.STATISTICS (STATISTICSNO,STORENO,ENDPOINT,LEVELS,CHALLENGEDATE) values (349,1,'주문전 메인',null,to_date('20/10/03','RR/MM/DD'));
Insert into KIOSK.STATISTICS (STATISTICSNO,STORENO,ENDPOINT,LEVELS,CHALLENGEDATE) values (350,1,'주문전 메인',null,to_date('20/10/03','RR/MM/DD'));
Insert into KIOSK.STATISTICS (STATISTICSNO,STORENO,ENDPOINT,LEVELS,CHALLENGEDATE) values (351,1,'추천 메뉴',null,to_date('20/10/04','RR/MM/DD'));
Insert into KIOSK.STATISTICS (STATISTICSNO,STORENO,ENDPOINT,LEVELS,CHALLENGEDATE) values (352,1,'장소 선택',null,to_date('20/10/04','RR/MM/DD'));
Insert into KIOSK.STATISTICS (STATISTICSNO,STORENO,ENDPOINT,LEVELS,CHALLENGEDATE) values (353,1,'추천 메뉴',null,to_date('20/10/04','RR/MM/DD'));
Insert into KIOSK.STATISTICS (STATISTICSNO,STORENO,ENDPOINT,LEVELS,CHALLENGEDATE) values (354,1,'추천 메뉴',null,to_date('20/10/04','RR/MM/DD'));
Insert into KIOSK.STATISTICS (STATISTICSNO,STORENO,ENDPOINT,LEVELS,CHALLENGEDATE) values (355,1,'주문전 메인',null,to_date('20/10/04','RR/MM/DD'));
Insert into KIOSK.STATISTICS (STATISTICSNO,STORENO,ENDPOINT,LEVELS,CHALLENGEDATE) values (356,1,'주문후 메인',null,to_date('20/10/04','RR/MM/DD'));
Insert into KIOSK.STATISTICS (STATISTICSNO,STORENO,ENDPOINT,LEVELS,CHALLENGEDATE) values (357,1,'주문전 메인',null,to_date('20/10/04','RR/MM/DD'));
Insert into KIOSK.STATISTICS (STATISTICSNO,STORENO,ENDPOINT,LEVELS,CHALLENGEDATE) values (358,1,'주문전 메인',null,to_date('20/10/04','RR/MM/DD'));
Insert into KIOSK.STATISTICS (STATISTICSNO,STORENO,ENDPOINT,LEVELS,CHALLENGEDATE) values (359,1,'주문전 메인',null,to_date('20/10/04','RR/MM/DD'));
Insert into KIOSK.STATISTICS (STATISTICSNO,STORENO,ENDPOINT,LEVELS,CHALLENGEDATE) values (360,1,'주문후 메인',null,to_date('20/10/04','RR/MM/DD'));
Insert into KIOSK.STATISTICS (STATISTICSNO,STORENO,ENDPOINT,LEVELS,CHALLENGEDATE) values (361,1,'장소 선택',null,to_date('20/10/04','RR/MM/DD'));
Insert into KIOSK.STATISTICS (STATISTICSNO,STORENO,ENDPOINT,LEVELS,CHALLENGEDATE) values (362,1,'주문전 메인',null,to_date('20/10/04','RR/MM/DD'));
Insert into KIOSK.STATISTICS (STATISTICSNO,STORENO,ENDPOINT,LEVELS,CHALLENGEDATE) values (363,1,'주문전 메인',null,to_date('20/10/04','RR/MM/DD'));
Insert into KIOSK.STATISTICS (STATISTICSNO,STORENO,ENDPOINT,LEVELS,CHALLENGEDATE) values (364,1,'주문전 메인',null,to_date('20/10/04','RR/MM/DD'));
Insert into KIOSK.STATISTICS (STATISTICSNO,STORENO,ENDPOINT,LEVELS,CHALLENGEDATE) values (365,1,'주문전 메인',null,to_date('20/10/04','RR/MM/DD'));
Insert into KIOSK.STATISTICS (STATISTICSNO,STORENO,ENDPOINT,LEVELS,CHALLENGEDATE) values (366,1,'주문전 메인',null,to_date('20/10/04','RR/MM/DD'));
Insert into KIOSK.STATISTICS (STATISTICSNO,STORENO,ENDPOINT,LEVELS,CHALLENGEDATE) values (367,1,'주문전 메인',null,to_date('20/10/04','RR/MM/DD'));
Insert into KIOSK.STATISTICS (STATISTICSNO,STORENO,ENDPOINT,LEVELS,CHALLENGEDATE) values (368,1,'주문전 메인',null,to_date('20/10/04','RR/MM/DD'));
Insert into KIOSK.STATISTICS (STATISTICSNO,STORENO,ENDPOINT,LEVELS,CHALLENGEDATE) values (369,1,'주문전 메인',null,to_date('20/10/04','RR/MM/DD'));
Insert into KIOSK.STATISTICS (STATISTICSNO,STORENO,ENDPOINT,LEVELS,CHALLENGEDATE) values (370,1,'주문전 메인',null,to_date('20/10/04','RR/MM/DD'));
Insert into KIOSK.STATISTICS (STATISTICSNO,STORENO,ENDPOINT,LEVELS,CHALLENGEDATE) values (371,1,'주문전 메인',null,to_date('20/10/04','RR/MM/DD'));
Insert into KIOSK.STATISTICS (STATISTICSNO,STORENO,ENDPOINT,LEVELS,CHALLENGEDATE) values (372,1,'주문후 메인',null,to_date('20/10/04','RR/MM/DD'));
Insert into KIOSK.STATISTICS (STATISTICSNO,STORENO,ENDPOINT,LEVELS,CHALLENGEDATE) values (373,1,'주문전 메인',null,to_date('20/10/04','RR/MM/DD'));
Insert into KIOSK.STATISTICS (STATISTICSNO,STORENO,ENDPOINT,LEVELS,CHALLENGEDATE) values (374,1,'장소 선택',null,to_date('20/10/04','RR/MM/DD'));
Insert into KIOSK.STATISTICS (STATISTICSNO,STORENO,ENDPOINT,LEVELS,CHALLENGEDATE) values (375,1,'주문전 메인',null,to_date('20/10/04','RR/MM/DD'));
Insert into KIOSK.STATISTICS (STATISTICSNO,STORENO,ENDPOINT,LEVELS,CHALLENGEDATE) values (376,1,'주문전 메인',null,to_date('20/10/04','RR/MM/DD'));
Insert into KIOSK.STATISTICS (STATISTICSNO,STORENO,ENDPOINT,LEVELS,CHALLENGEDATE) values (377,1,'주문전 메인',null,to_date('20/10/04','RR/MM/DD'));
Insert into KIOSK.STATISTICS (STATISTICSNO,STORENO,ENDPOINT,LEVELS,CHALLENGEDATE) values (378,1,'주문전 메인',null,to_date('20/10/04','RR/MM/DD'));
Insert into KIOSK.STATISTICS (STATISTICSNO,STORENO,ENDPOINT,LEVELS,CHALLENGEDATE) values (379,1,'주문전 메인',null,to_date('20/10/04','RR/MM/DD'));
Insert into KIOSK.STATISTICS (STATISTICSNO,STORENO,ENDPOINT,LEVELS,CHALLENGEDATE) values (380,1,'주문전 메인',null,to_date('20/10/04','RR/MM/DD'));
Insert into KIOSK.STATISTICS (STATISTICSNO,STORENO,ENDPOINT,LEVELS,CHALLENGEDATE) values (381,1,'주문전 메인',null,to_date('20/10/04','RR/MM/DD'));
Insert into KIOSK.STATISTICS (STATISTICSNO,STORENO,ENDPOINT,LEVELS,CHALLENGEDATE) values (382,1,'주문전 메인',null,to_date('20/10/04','RR/MM/DD'));
Insert into KIOSK.STATISTICS (STATISTICSNO,STORENO,ENDPOINT,LEVELS,CHALLENGEDATE) values (383,1,'주문전 메인',null,to_date('20/10/04','RR/MM/DD'));
Insert into KIOSK.STATISTICS (STATISTICSNO,STORENO,ENDPOINT,LEVELS,CHALLENGEDATE) values (384,1,'주문후 메인',null,to_date('20/10/04','RR/MM/DD'));
Insert into KIOSK.STATISTICS (STATISTICSNO,STORENO,ENDPOINT,LEVELS,CHALLENGEDATE) values (385,1,'주문전 메인',null,to_date('20/10/04','RR/MM/DD'));
Insert into KIOSK.STATISTICS (STATISTICSNO,STORENO,ENDPOINT,LEVELS,CHALLENGEDATE) values (386,1,'주문전 메인',null,to_date('20/10/04','RR/MM/DD'));
Insert into KIOSK.STATISTICS (STATISTICSNO,STORENO,ENDPOINT,LEVELS,CHALLENGEDATE) values (387,1,'주문전 메인',null,to_date('20/10/04','RR/MM/DD'));
Insert into KIOSK.STATISTICS (STATISTICSNO,STORENO,ENDPOINT,LEVELS,CHALLENGEDATE) values (388,1,'주문전 메인',null,to_date('20/10/04','RR/MM/DD'));
Insert into KIOSK.STATISTICS (STATISTICSNO,STORENO,ENDPOINT,LEVELS,CHALLENGEDATE) values (389,1,'주문전 메인',null,to_date('20/10/04','RR/MM/DD'));
Insert into KIOSK.STATISTICS (STATISTICSNO,STORENO,ENDPOINT,LEVELS,CHALLENGEDATE) values (390,1,'세트 선택',null,to_date('20/10/04','RR/MM/DD'));
Insert into KIOSK.STATISTICS (STATISTICSNO,STORENO,ENDPOINT,LEVELS,CHALLENGEDATE) values (391,1,'주문전 메인',null,to_date('20/10/04','RR/MM/DD'));
Insert into KIOSK.STATISTICS (STATISTICSNO,STORENO,ENDPOINT,LEVELS,CHALLENGEDATE) values (392,1,'주문전 메인',null,to_date('20/10/04','RR/MM/DD'));
Insert into KIOSK.STATISTICS (STATISTICSNO,STORENO,ENDPOINT,LEVELS,CHALLENGEDATE) values (393,1,'주문전 메인',null,to_date('20/10/04','RR/MM/DD'));
Insert into KIOSK.STATISTICS (STATISTICSNO,STORENO,ENDPOINT,LEVELS,CHALLENGEDATE) values (394,1,'주문전 메인',null,to_date('20/10/04','RR/MM/DD'));
Insert into KIOSK.STATISTICS (STATISTICSNO,STORENO,ENDPOINT,LEVELS,CHALLENGEDATE) values (395,1,'주문전 메인',null,to_date('20/10/04','RR/MM/DD'));
Insert into KIOSK.STATISTICS (STATISTICSNO,STORENO,ENDPOINT,LEVELS,CHALLENGEDATE) values (396,1,'주문전 메인',null,to_date('20/10/04','RR/MM/DD'));
Insert into KIOSK.STATISTICS (STATISTICSNO,STORENO,ENDPOINT,LEVELS,CHALLENGEDATE) values (397,1,'주문전 메인',null,to_date('20/10/04','RR/MM/DD'));
Insert into KIOSK.STATISTICS (STATISTICSNO,STORENO,ENDPOINT,LEVELS,CHALLENGEDATE) values (398,1,'주문전 메인',null,to_date('20/10/04','RR/MM/DD'));
Insert into KIOSK.STATISTICS (STATISTICSNO,STORENO,ENDPOINT,LEVELS,CHALLENGEDATE) values (399,1,'주문전 메인',null,to_date('20/10/04','RR/MM/DD'));
Insert into KIOSK.STATISTICS (STATISTICSNO,STORENO,ENDPOINT,LEVELS,CHALLENGEDATE) values (400,1,'주문전 메인',null,to_date('20/10/04','RR/MM/DD'));
Insert into KIOSK.STATISTICS (STATISTICSNO,STORENO,ENDPOINT,LEVELS,CHALLENGEDATE) values (401,1,'주문전 메인',null,to_date('20/10/04','RR/MM/DD'));
Insert into KIOSK.STATISTICS (STATISTICSNO,STORENO,ENDPOINT,LEVELS,CHALLENGEDATE) values (402,1,'주문전 메인',null,to_date('20/10/04','RR/MM/DD'));
Insert into KIOSK.STATISTICS (STATISTICSNO,STORENO,ENDPOINT,LEVELS,CHALLENGEDATE) values (403,1,'주문전 메인',null,to_date('20/10/04','RR/MM/DD'));
Insert into KIOSK.STATISTICS (STATISTICSNO,STORENO,ENDPOINT,LEVELS,CHALLENGEDATE) values (404,1,'주문전 메인',null,to_date('20/10/04','RR/MM/DD'));
Insert into KIOSK.STATISTICS (STATISTICSNO,STORENO,ENDPOINT,LEVELS,CHALLENGEDATE) values (405,1,'주문전 메인',null,to_date('20/10/04','RR/MM/DD'));
Insert into KIOSK.STATISTICS (STATISTICSNO,STORENO,ENDPOINT,LEVELS,CHALLENGEDATE) values (406,1,'주문전 메인',null,to_date('20/10/04','RR/MM/DD'));
Insert into KIOSK.STATISTICS (STATISTICSNO,STORENO,ENDPOINT,LEVELS,CHALLENGEDATE) values (407,1,'주문전 메인',null,to_date('20/10/04','RR/MM/DD'));
Insert into KIOSK.STATISTICS (STATISTICSNO,STORENO,ENDPOINT,LEVELS,CHALLENGEDATE) values (408,1,'주문전 메인',null,to_date('20/10/04','RR/MM/DD'));
Insert into KIOSK.STATISTICS (STATISTICSNO,STORENO,ENDPOINT,LEVELS,CHALLENGEDATE) values (409,1,'주문전 메인',null,to_date('20/10/04','RR/MM/DD'));
Insert into KIOSK.STATISTICS (STATISTICSNO,STORENO,ENDPOINT,LEVELS,CHALLENGEDATE) values (410,1,'주문전 메인',null,to_date('20/10/04','RR/MM/DD'));
Insert into KIOSK.STATISTICS (STATISTICSNO,STORENO,ENDPOINT,LEVELS,CHALLENGEDATE) values (411,1,'주문전 메인',null,to_date('20/10/04','RR/MM/DD'));
Insert into KIOSK.STATISTICS (STATISTICSNO,STORENO,ENDPOINT,LEVELS,CHALLENGEDATE) values (412,1,'주문전 메인',null,to_date('20/10/04','RR/MM/DD'));
Insert into KIOSK.STATISTICS (STATISTICSNO,STORENO,ENDPOINT,LEVELS,CHALLENGEDATE) values (413,1,'주문전 메인',null,to_date('20/10/04','RR/MM/DD'));
Insert into KIOSK.STATISTICS (STATISTICSNO,STORENO,ENDPOINT,LEVELS,CHALLENGEDATE) values (414,1,'주문전 메인',null,to_date('20/10/04','RR/MM/DD'));
Insert into KIOSK.STATISTICS (STATISTICSNO,STORENO,ENDPOINT,LEVELS,CHALLENGEDATE) values (415,1,'주문전 메인',null,to_date('20/10/04','RR/MM/DD'));
Insert into KIOSK.STATISTICS (STATISTICSNO,STORENO,ENDPOINT,LEVELS,CHALLENGEDATE) values (416,1,'주문전 메인',null,to_date('20/10/04','RR/MM/DD'));
Insert into KIOSK.STATISTICS (STATISTICSNO,STORENO,ENDPOINT,LEVELS,CHALLENGEDATE) values (417,1,'주문전 메인',null,to_date('20/10/04','RR/MM/DD'));
Insert into KIOSK.STATISTICS (STATISTICSNO,STORENO,ENDPOINT,LEVELS,CHALLENGEDATE) values (418,1,'주문전 메인',null,to_date('20/10/04','RR/MM/DD'));
Insert into KIOSK.STATISTICS (STATISTICSNO,STORENO,ENDPOINT,LEVELS,CHALLENGEDATE) values (419,1,'주문전 메인',null,to_date('20/10/04','RR/MM/DD'));
Insert into KIOSK.STATISTICS (STATISTICSNO,STORENO,ENDPOINT,LEVELS,CHALLENGEDATE) values (420,1,'주문전 메인',null,to_date('20/10/04','RR/MM/DD'));
Insert into KIOSK.STATISTICS (STATISTICSNO,STORENO,ENDPOINT,LEVELS,CHALLENGEDATE) values (421,1,'주문후 메인',null,to_date('20/10/04','RR/MM/DD'));
Insert into KIOSK.STATISTICS (STATISTICSNO,STORENO,ENDPOINT,LEVELS,CHALLENGEDATE) values (422,1,'주문전 메인',null,to_date('20/10/05','RR/MM/DD'));
Insert into KIOSK.STATISTICS (STATISTICSNO,STORENO,ENDPOINT,LEVELS,CHALLENGEDATE) values (423,1,'주문전 메인',null,to_date('20/10/05','RR/MM/DD'));
Insert into KIOSK.STATISTICS (STATISTICSNO,STORENO,ENDPOINT,LEVELS,CHALLENGEDATE) values (424,2,'광고',null,to_date('20/10/05','RR/MM/DD'));
Insert into KIOSK.STATISTICS (STATISTICSNO,STORENO,ENDPOINT,LEVELS,CHALLENGEDATE) values (425,1,'주문전 메인',null,to_date('20/10/05','RR/MM/DD'));
Insert into KIOSK.STATISTICS (STATISTICSNO,STORENO,ENDPOINT,LEVELS,CHALLENGEDATE) values (426,1,'세트 선택',null,to_date('20/10/05','RR/MM/DD'));
Insert into KIOSK.STATISTICS (STATISTICSNO,STORENO,ENDPOINT,LEVELS,CHALLENGEDATE) values (427,1,'clear',null,to_date('20/10/05','RR/MM/DD'));
Insert into KIOSK.STATISTICS (STATISTICSNO,STORENO,ENDPOINT,LEVELS,CHALLENGEDATE) values (428,1,'결제',null,to_date('20/10/05','RR/MM/DD'));
Insert into KIOSK.STATISTICS (STATISTICSNO,STORENO,ENDPOINT,LEVELS,CHALLENGEDATE) values (429,1,'주문전 메인',null,to_date('20/10/05','RR/MM/DD'));
Insert into KIOSK.STATISTICS (STATISTICSNO,STORENO,ENDPOINT,LEVELS,CHALLENGEDATE) values (430,1,'주문전 메인',null,to_date('20/10/05','RR/MM/DD'));
Insert into KIOSK.STATISTICS (STATISTICSNO,STORENO,ENDPOINT,LEVELS,CHALLENGEDATE) values (431,1,'세트 선택',null,to_date('20/10/05','RR/MM/DD'));
Insert into KIOSK.STATISTICS (STATISTICSNO,STORENO,ENDPOINT,LEVELS,CHALLENGEDATE) values (432,1,'주문전 메인',null,to_date('20/10/05','RR/MM/DD'));
Insert into KIOSK.STATISTICS (STATISTICSNO,STORENO,ENDPOINT,LEVELS,CHALLENGEDATE) values (433,1,'clear',null,to_date('20/10/05','RR/MM/DD'));
Insert into KIOSK.STATISTICS (STATISTICSNO,STORENO,ENDPOINT,LEVELS,CHALLENGEDATE) values (434,1,'clear','쉬움',to_date('20/10/05','RR/MM/DD'));
Insert into KIOSK.STATISTICS (STATISTICSNO,STORENO,ENDPOINT,LEVELS,CHALLENGEDATE) values (435,2,'clear','어려움',to_date('20/10/05','RR/MM/DD'));
Insert into KIOSK.STATISTICS (STATISTICSNO,STORENO,ENDPOINT,LEVELS,CHALLENGEDATE) values (436,2,'장소 선택전 결제',null,to_date('20/10/05','RR/MM/DD'));
Insert into KIOSK.STATISTICS (STATISTICSNO,STORENO,ENDPOINT,LEVELS,CHALLENGEDATE) values (437,2,'장소 선택후 결제',null,to_date('20/10/05','RR/MM/DD'));
Insert into KIOSK.STATISTICS (STATISTICSNO,STORENO,ENDPOINT,LEVELS,CHALLENGEDATE) values (438,2,'주문후 메인',null,to_date('20/10/05','RR/MM/DD'));
Insert into KIOSK.STATISTICS (STATISTICSNO,STORENO,ENDPOINT,LEVELS,CHALLENGEDATE) values (439,2,'결제수단선택',null,to_date('20/10/05','RR/MM/DD'));
Insert into KIOSK.STATISTICS (STATISTICSNO,STORENO,ENDPOINT,LEVELS,CHALLENGEDATE) values (440,2,'광고',null,to_date('20/10/05','RR/MM/DD'));
Insert into KIOSK.STATISTICS (STATISTICSNO,STORENO,ENDPOINT,LEVELS,CHALLENGEDATE) values (441,2,'장소 선택전 결제',null,to_date('20/10/05','RR/MM/DD'));
Insert into KIOSK.STATISTICS (STATISTICSNO,STORENO,ENDPOINT,LEVELS,CHALLENGEDATE) values (442,2,'결제수단선택',null,to_date('20/10/05','RR/MM/DD'));
Insert into KIOSK.STATISTICS (STATISTICSNO,STORENO,ENDPOINT,LEVELS,CHALLENGEDATE) values (443,2,'광고',null,to_date('20/10/05','RR/MM/DD'));
Insert into KIOSK.STATISTICS (STATISTICSNO,STORENO,ENDPOINT,LEVELS,CHALLENGEDATE) values (444,1,'주문후 메인',null,to_date('20/10/05','RR/MM/DD'));
Insert into KIOSK.STATISTICS (STATISTICSNO,STORENO,ENDPOINT,LEVELS,CHALLENGEDATE) values (445,1,'주문후 메인',null,to_date('20/10/05','RR/MM/DD'));
Insert into KIOSK.STATISTICS (STATISTICSNO,STORENO,ENDPOINT,LEVELS,CHALLENGEDATE) values (446,2,'광고',null,to_date('20/10/05','RR/MM/DD'));
Insert into KIOSK.STATISTICS (STATISTICSNO,STORENO,ENDPOINT,LEVELS,CHALLENGEDATE) values (447,1,'주문후 메인',null,to_date('20/10/05','RR/MM/DD'));
Insert into KIOSK.STATISTICS (STATISTICSNO,STORENO,ENDPOINT,LEVELS,CHALLENGEDATE) values (448,1,'사이드 변경',null,to_date('20/10/05','RR/MM/DD'));
Insert into KIOSK.STATISTICS (STATISTICSNO,STORENO,ENDPOINT,LEVELS,CHALLENGEDATE) values (449,1,'사이드 변경',null,to_date('20/10/05','RR/MM/DD'));
Insert into KIOSK.STATISTICS (STATISTICSNO,STORENO,ENDPOINT,LEVELS,CHALLENGEDATE) values (450,1,'세트 선택',null,to_date('20/10/05','RR/MM/DD'));
Insert into KIOSK.STATISTICS (STATISTICSNO,STORENO,ENDPOINT,LEVELS,CHALLENGEDATE) values (451,1,'사이드 변경',null,to_date('20/10/05','RR/MM/DD'));
Insert into KIOSK.STATISTICS (STATISTICSNO,STORENO,ENDPOINT,LEVELS,CHALLENGEDATE) values (452,1,'clear',null,to_date('20/10/05','RR/MM/DD'));
Insert into KIOSK.STATISTICS (STATISTICSNO,STORENO,ENDPOINT,LEVELS,CHALLENGEDATE) values (453,1,'주문후 메인',null,to_date('20/10/05','RR/MM/DD'));
Insert into KIOSK.STATISTICS (STATISTICSNO,STORENO,ENDPOINT,LEVELS,CHALLENGEDATE) values (454,1,'주문전 메인',null,to_date('20/10/05','RR/MM/DD'));
Insert into KIOSK.STATISTICS (STATISTICSNO,STORENO,ENDPOINT,LEVELS,CHALLENGEDATE) values (455,2,'주문후 메인',null,to_date('20/10/05','RR/MM/DD'));
Insert into KIOSK.STATISTICS (STATISTICSNO,STORENO,ENDPOINT,LEVELS,CHALLENGEDATE) values (456,1,'주문후 메인',null,to_date('20/10/05','RR/MM/DD'));
Insert into KIOSK.STATISTICS (STATISTICSNO,STORENO,ENDPOINT,LEVELS,CHALLENGEDATE) values (457,1,'clear',null,to_date('20/10/05','RR/MM/DD'));
Insert into KIOSK.STATISTICS (STATISTICSNO,STORENO,ENDPOINT,LEVELS,CHALLENGEDATE) values (458,1,'clear','어려움',to_date('20/10/05','RR/MM/DD'));
Insert into KIOSK.STATISTICS (STATISTICSNO,STORENO,ENDPOINT,LEVELS,CHALLENGEDATE) values (459,1,'주문후 메인',null,to_date('20/10/05','RR/MM/DD'));
Insert into KIOSK.STATISTICS (STATISTICSNO,STORENO,ENDPOINT,LEVELS,CHALLENGEDATE) values (460,1,'세트 선택',null,to_date('20/10/05','RR/MM/DD'));
Insert into KIOSK.STATISTICS (STATISTICSNO,STORENO,ENDPOINT,LEVELS,CHALLENGEDATE) values (461,1,'주문전 메인',null,to_date('20/10/05','RR/MM/DD'));
Insert into KIOSK.STATISTICS (STATISTICSNO,STORENO,ENDPOINT,LEVELS,CHALLENGEDATE) values (462,1,'세트 선택',null,to_date('20/10/05','RR/MM/DD'));
Insert into KIOSK.STATISTICS (STATISTICSNO,STORENO,ENDPOINT,LEVELS,CHALLENGEDATE) values (463,1,'주문후 메인',null,to_date('20/10/05','RR/MM/DD'));
Insert into KIOSK.STATISTICS (STATISTICSNO,STORENO,ENDPOINT,LEVELS,CHALLENGEDATE) values (464,1,'세트 선택',null,to_date('20/10/05','RR/MM/DD'));
Insert into KIOSK.STATISTICS (STATISTICSNO,STORENO,ENDPOINT,LEVELS,CHALLENGEDATE) values (465,1,'사이드 변경',null,to_date('20/10/05','RR/MM/DD'));
Insert into KIOSK.STATISTICS (STATISTICSNO,STORENO,ENDPOINT,LEVELS,CHALLENGEDATE) values (466,1,'사이드 변경',null,to_date('20/10/05','RR/MM/DD'));
Insert into KIOSK.STATISTICS (STATISTICSNO,STORENO,ENDPOINT,LEVELS,CHALLENGEDATE) values (467,1,'사이드 변경',null,to_date('20/10/05','RR/MM/DD'));
Insert into KIOSK.STATISTICS (STATISTICSNO,STORENO,ENDPOINT,LEVELS,CHALLENGEDATE) values (468,1,'사이드 변경',null,to_date('20/10/05','RR/MM/DD'));
Insert into KIOSK.STATISTICS (STATISTICSNO,STORENO,ENDPOINT,LEVELS,CHALLENGEDATE) values (469,1,'추천 메뉴',null,to_date('20/10/05','RR/MM/DD'));
Insert into KIOSK.STATISTICS (STATISTICSNO,STORENO,ENDPOINT,LEVELS,CHALLENGEDATE) values (470,1,'추천 메뉴',null,to_date('20/10/05','RR/MM/DD'));
Insert into KIOSK.STATISTICS (STATISTICSNO,STORENO,ENDPOINT,LEVELS,CHALLENGEDATE) values (471,1,'결제',null,to_date('20/10/05','RR/MM/DD'));
Insert into KIOSK.STATISTICS (STATISTICSNO,STORENO,ENDPOINT,LEVELS,CHALLENGEDATE) values (472,1,'주문 목록',null,to_date('20/10/05','RR/MM/DD'));
Insert into KIOSK.STATISTICS (STATISTICSNO,STORENO,ENDPOINT,LEVELS,CHALLENGEDATE) values (473,1,'clear',null,to_date('20/10/05','RR/MM/DD'));
Insert into KIOSK.STATISTICS (STATISTICSNO,STORENO,ENDPOINT,LEVELS,CHALLENGEDATE) values (474,1,'clear','어려움',to_date('20/10/05','RR/MM/DD'));
Insert into KIOSK.STATISTICS (STATISTICSNO,STORENO,ENDPOINT,LEVELS,CHALLENGEDATE) values (475,2,'주문전 메인',null,to_date('20/10/06','RR/MM/DD'));
Insert into KIOSK.STATISTICS (STATISTICSNO,STORENO,ENDPOINT,LEVELS,CHALLENGEDATE) values (476,2,'주문전 메인',null,to_date('20/10/06','RR/MM/DD'));
Insert into KIOSK.STATISTICS (STATISTICSNO,STORENO,ENDPOINT,LEVELS,CHALLENGEDATE) values (477,1,'주문전 메인',null,to_date('20/10/06','RR/MM/DD'));
Insert into KIOSK.STATISTICS (STATISTICSNO,STORENO,ENDPOINT,LEVELS,CHALLENGEDATE) values (478,2,'주문전 메인',null,to_date('20/10/06','RR/MM/DD'));
Insert into KIOSK.STATISTICS (STATISTICSNO,STORENO,ENDPOINT,LEVELS,CHALLENGEDATE) values (479,2,'주문후 메인',null,to_date('20/10/06','RR/MM/DD'));
Insert into KIOSK.STATISTICS (STATISTICSNO,STORENO,ENDPOINT,LEVELS,CHALLENGEDATE) values (480,2,'주문전 메인',null,to_date('20/10/06','RR/MM/DD'));
Insert into KIOSK.STATISTICS (STATISTICSNO,STORENO,ENDPOINT,LEVELS,CHALLENGEDATE) values (481,2,'주문전 메인',null,to_date('20/10/06','RR/MM/DD'));
Insert into KIOSK.STATISTICS (STATISTICSNO,STORENO,ENDPOINT,LEVELS,CHALLENGEDATE) values (482,2,'주문전 메인',null,to_date('20/10/06','RR/MM/DD'));
Insert into KIOSK.STATISTICS (STATISTICSNO,STORENO,ENDPOINT,LEVELS,CHALLENGEDATE) values (483,2,'주문전 메인',null,to_date('20/10/06','RR/MM/DD'));
Insert into KIOSK.STATISTICS (STATISTICSNO,STORENO,ENDPOINT,LEVELS,CHALLENGEDATE) values (484,2,'주문전 메인',null,to_date('20/10/06','RR/MM/DD'));
Insert into KIOSK.STATISTICS (STATISTICSNO,STORENO,ENDPOINT,LEVELS,CHALLENGEDATE) values (485,2,'주문전 메인',null,to_date('20/10/06','RR/MM/DD'));
Insert into KIOSK.STATISTICS (STATISTICSNO,STORENO,ENDPOINT,LEVELS,CHALLENGEDATE) values (486,2,'주문전 메인',null,to_date('20/10/06','RR/MM/DD'));
Insert into KIOSK.STATISTICS (STATISTICSNO,STORENO,ENDPOINT,LEVELS,CHALLENGEDATE) values (487,2,'주문전 메인',null,to_date('20/10/06','RR/MM/DD'));
Insert into KIOSK.STATISTICS (STATISTICSNO,STORENO,ENDPOINT,LEVELS,CHALLENGEDATE) values (488,2,'주문전 메인',null,to_date('20/10/06','RR/MM/DD'));
Insert into KIOSK.STATISTICS (STATISTICSNO,STORENO,ENDPOINT,LEVELS,CHALLENGEDATE) values (489,2,'주문전 메인',null,to_date('20/10/06','RR/MM/DD'));
Insert into KIOSK.STATISTICS (STATISTICSNO,STORENO,ENDPOINT,LEVELS,CHALLENGEDATE) values (490,2,'주문전 메인',null,to_date('20/10/06','RR/MM/DD'));
Insert into KIOSK.STATISTICS (STATISTICSNO,STORENO,ENDPOINT,LEVELS,CHALLENGEDATE) values (491,2,'주문전 메인',null,to_date('20/10/06','RR/MM/DD'));
Insert into KIOSK.STATISTICS (STATISTICSNO,STORENO,ENDPOINT,LEVELS,CHALLENGEDATE) values (492,2,'주문후 메인',null,to_date('20/10/06','RR/MM/DD'));
Insert into KIOSK.STATISTICS (STATISTICSNO,STORENO,ENDPOINT,LEVELS,CHALLENGEDATE) values (493,2,'주문전 메인',null,to_date('20/10/06','RR/MM/DD'));
Insert into KIOSK.STATISTICS (STATISTICSNO,STORENO,ENDPOINT,LEVELS,CHALLENGEDATE) values (494,2,'주문전 메인',null,to_date('20/10/06','RR/MM/DD'));
Insert into KIOSK.STATISTICS (STATISTICSNO,STORENO,ENDPOINT,LEVELS,CHALLENGEDATE) values (495,2,'주문전 메인',null,to_date('20/10/06','RR/MM/DD'));
Insert into KIOSK.STATISTICS (STATISTICSNO,STORENO,ENDPOINT,LEVELS,CHALLENGEDATE) values (496,2,'주문후 메인',null,to_date('20/10/06','RR/MM/DD'));
Insert into KIOSK.STATISTICS (STATISTICSNO,STORENO,ENDPOINT,LEVELS,CHALLENGEDATE) values (497,2,'주문후 메인',null,to_date('20/10/06','RR/MM/DD'));
Insert into KIOSK.STATISTICS (STATISTICSNO,STORENO,ENDPOINT,LEVELS,CHALLENGEDATE) values (498,2,'주문후 메인',null,to_date('20/10/06','RR/MM/DD'));
Insert into KIOSK.STATISTICS (STATISTICSNO,STORENO,ENDPOINT,LEVELS,CHALLENGEDATE) values (499,2,'주문전 메인',null,to_date('20/10/06','RR/MM/DD'));
Insert into KIOSK.STATISTICS (STATISTICSNO,STORENO,ENDPOINT,LEVELS,CHALLENGEDATE) values (500,2,'광고',null,to_date('20/10/06','RR/MM/DD'));
Insert into KIOSK.STATISTICS (STATISTICSNO,STORENO,ENDPOINT,LEVELS,CHALLENGEDATE) values (501,1,'주문전 메인',null,to_date('20/10/06','RR/MM/DD'));
Insert into KIOSK.STATISTICS (STATISTICSNO,STORENO,ENDPOINT,LEVELS,CHALLENGEDATE) values (502,2,'주문전 메인',null,to_date('20/10/06','RR/MM/DD'));
Insert into KIOSK.STATISTICS (STATISTICSNO,STORENO,ENDPOINT,LEVELS,CHALLENGEDATE) values (503,2,'주문전 메인',null,to_date('20/10/06','RR/MM/DD'));
Insert into KIOSK.STATISTICS (STATISTICSNO,STORENO,ENDPOINT,LEVELS,CHALLENGEDATE) values (504,2,'주문전 메인',null,to_date('20/10/06','RR/MM/DD'));
Insert into KIOSK.STATISTICS (STATISTICSNO,STORENO,ENDPOINT,LEVELS,CHALLENGEDATE) values (505,2,'주문전 메인',null,to_date('20/10/06','RR/MM/DD'));
Insert into KIOSK.STATISTICS (STATISTICSNO,STORENO,ENDPOINT,LEVELS,CHALLENGEDATE) values (506,2,'주문전 메인',null,to_date('20/10/06','RR/MM/DD'));
Insert into KIOSK.STATISTICS (STATISTICSNO,STORENO,ENDPOINT,LEVELS,CHALLENGEDATE) values (507,2,'주문전 메인',null,to_date('20/10/06','RR/MM/DD'));
Insert into KIOSK.STATISTICS (STATISTICSNO,STORENO,ENDPOINT,LEVELS,CHALLENGEDATE) values (508,2,'주문전 메인',null,to_date('20/10/06','RR/MM/DD'));
Insert into KIOSK.STATISTICS (STATISTICSNO,STORENO,ENDPOINT,LEVELS,CHALLENGEDATE) values (509,2,'주문전 메인',null,to_date('20/10/06','RR/MM/DD'));
Insert into KIOSK.STATISTICS (STATISTICSNO,STORENO,ENDPOINT,LEVELS,CHALLENGEDATE) values (510,2,'주문전 메인',null,to_date('20/10/06','RR/MM/DD'));
Insert into KIOSK.STATISTICS (STATISTICSNO,STORENO,ENDPOINT,LEVELS,CHALLENGEDATE) values (511,2,'주문전 메인',null,to_date('20/10/06','RR/MM/DD'));
Insert into KIOSK.STATISTICS (STATISTICSNO,STORENO,ENDPOINT,LEVELS,CHALLENGEDATE) values (512,2,'주문전 메인',null,to_date('20/10/06','RR/MM/DD'));
Insert into KIOSK.STATISTICS (STATISTICSNO,STORENO,ENDPOINT,LEVELS,CHALLENGEDATE) values (513,2,'주문전 메인',null,to_date('20/10/06','RR/MM/DD'));
Insert into KIOSK.STATISTICS (STATISTICSNO,STORENO,ENDPOINT,LEVELS,CHALLENGEDATE) values (514,2,'주문전 메인',null,to_date('20/10/06','RR/MM/DD'));
Insert into KIOSK.STATISTICS (STATISTICSNO,STORENO,ENDPOINT,LEVELS,CHALLENGEDATE) values (515,2,'주문전 메인',null,to_date('20/10/06','RR/MM/DD'));
Insert into KIOSK.STATISTICS (STATISTICSNO,STORENO,ENDPOINT,LEVELS,CHALLENGEDATE) values (516,2,'주문전 메인',null,to_date('20/10/06','RR/MM/DD'));
Insert into KIOSK.STATISTICS (STATISTICSNO,STORENO,ENDPOINT,LEVELS,CHALLENGEDATE) values (517,2,'주문전 메인',null,to_date('20/10/06','RR/MM/DD'));
Insert into KIOSK.STATISTICS (STATISTICSNO,STORENO,ENDPOINT,LEVELS,CHALLENGEDATE) values (518,2,'주문전 메인',null,to_date('20/10/06','RR/MM/DD'));
Insert into KIOSK.STATISTICS (STATISTICSNO,STORENO,ENDPOINT,LEVELS,CHALLENGEDATE) values (519,2,'주문전 메인',null,to_date('20/10/06','RR/MM/DD'));
Insert into KIOSK.STATISTICS (STATISTICSNO,STORENO,ENDPOINT,LEVELS,CHALLENGEDATE) values (520,2,'주문전 메인',null,to_date('20/10/06','RR/MM/DD'));
Insert into KIOSK.STATISTICS (STATISTICSNO,STORENO,ENDPOINT,LEVELS,CHALLENGEDATE) values (521,2,'주문전 메인',null,to_date('20/10/06','RR/MM/DD'));
Insert into KIOSK.STATISTICS (STATISTICSNO,STORENO,ENDPOINT,LEVELS,CHALLENGEDATE) values (522,2,'주문전 메인',null,to_date('20/10/06','RR/MM/DD'));
Insert into KIOSK.STATISTICS (STATISTICSNO,STORENO,ENDPOINT,LEVELS,CHALLENGEDATE) values (523,2,'주문전 메인',null,to_date('20/10/06','RR/MM/DD'));
Insert into KIOSK.STATISTICS (STATISTICSNO,STORENO,ENDPOINT,LEVELS,CHALLENGEDATE) values (524,2,'주문전 메인',null,to_date('20/10/06','RR/MM/DD'));
Insert into KIOSK.STATISTICS (STATISTICSNO,STORENO,ENDPOINT,LEVELS,CHALLENGEDATE) values (525,2,'주문전 메인',null,to_date('20/10/06','RR/MM/DD'));
Insert into KIOSK.STATISTICS (STATISTICSNO,STORENO,ENDPOINT,LEVELS,CHALLENGEDATE) values (526,2,'주문전 메인',null,to_date('20/10/06','RR/MM/DD'));
Insert into KIOSK.STATISTICS (STATISTICSNO,STORENO,ENDPOINT,LEVELS,CHALLENGEDATE) values (527,2,'주문전 메인',null,to_date('20/10/06','RR/MM/DD'));
Insert into KIOSK.STATISTICS (STATISTICSNO,STORENO,ENDPOINT,LEVELS,CHALLENGEDATE) values (528,2,'주문전 메인',null,to_date('20/10/06','RR/MM/DD'));
Insert into KIOSK.STATISTICS (STATISTICSNO,STORENO,ENDPOINT,LEVELS,CHALLENGEDATE) values (529,2,'주문전 메인',null,to_date('20/10/06','RR/MM/DD'));
Insert into KIOSK.STATISTICS (STATISTICSNO,STORENO,ENDPOINT,LEVELS,CHALLENGEDATE) values (530,2,'주문전 메인',null,to_date('20/10/06','RR/MM/DD'));
Insert into KIOSK.STATISTICS (STATISTICSNO,STORENO,ENDPOINT,LEVELS,CHALLENGEDATE) values (531,2,'주문전 메인',null,to_date('20/10/06','RR/MM/DD'));
Insert into KIOSK.STATISTICS (STATISTICSNO,STORENO,ENDPOINT,LEVELS,CHALLENGEDATE) values (532,2,'주문전 메인',null,to_date('20/10/06','RR/MM/DD'));
Insert into KIOSK.STATISTICS (STATISTICSNO,STORENO,ENDPOINT,LEVELS,CHALLENGEDATE) values (533,2,'주문전 메인',null,to_date('20/10/06','RR/MM/DD'));
Insert into KIOSK.STATISTICS (STATISTICSNO,STORENO,ENDPOINT,LEVELS,CHALLENGEDATE) values (534,2,'주문후 메인',null,to_date('20/10/06','RR/MM/DD'));
Insert into KIOSK.STATISTICS (STATISTICSNO,STORENO,ENDPOINT,LEVELS,CHALLENGEDATE) values (535,2,'주문전 메인',null,to_date('20/10/06','RR/MM/DD'));
Insert into KIOSK.STATISTICS (STATISTICSNO,STORENO,ENDPOINT,LEVELS,CHALLENGEDATE) values (536,2,'주문후 메인',null,to_date('20/10/06','RR/MM/DD'));
Insert into KIOSK.STATISTICS (STATISTICSNO,STORENO,ENDPOINT,LEVELS,CHALLENGEDATE) values (537,2,'주문전 메인',null,to_date('20/10/06','RR/MM/DD'));
Insert into KIOSK.STATISTICS (STATISTICSNO,STORENO,ENDPOINT,LEVELS,CHALLENGEDATE) values (538,2,'주문전 메인',null,to_date('20/10/06','RR/MM/DD'));
Insert into KIOSK.STATISTICS (STATISTICSNO,STORENO,ENDPOINT,LEVELS,CHALLENGEDATE) values (539,2,'주문후 메인',null,to_date('20/10/06','RR/MM/DD'));
Insert into KIOSK.STATISTICS (STATISTICSNO,STORENO,ENDPOINT,LEVELS,CHALLENGEDATE) values (540,2,'clear','쉬움',to_date('20/10/06','RR/MM/DD'));
Insert into KIOSK.STATISTICS (STATISTICSNO,STORENO,ENDPOINT,LEVELS,CHALLENGEDATE) values (541,2,'clear','어려움',to_date('20/10/06','RR/MM/DD'));
Insert into KIOSK.STATISTICS (STATISTICSNO,STORENO,ENDPOINT,LEVELS,CHALLENGEDATE) values (542,2,'장소 선택전 결제',null,to_date('20/10/06','RR/MM/DD'));
Insert into KIOSK.STATISTICS (STATISTICSNO,STORENO,ENDPOINT,LEVELS,CHALLENGEDATE) values (543,2,'장소 선택전 결제',null,to_date('20/10/06','RR/MM/DD'));
Insert into KIOSK.STATISTICS (STATISTICSNO,STORENO,ENDPOINT,LEVELS,CHALLENGEDATE) values (544,2,'주문전 메인',null,to_date('20/10/06','RR/MM/DD'));
Insert into KIOSK.STATISTICS (STATISTICSNO,STORENO,ENDPOINT,LEVELS,CHALLENGEDATE) values (545,2,'주문전 메인',null,to_date('20/10/06','RR/MM/DD'));
Insert into KIOSK.STATISTICS (STATISTICSNO,STORENO,ENDPOINT,LEVELS,CHALLENGEDATE) values (546,2,'주문전 메인',null,to_date('20/10/06','RR/MM/DD'));
Insert into KIOSK.STATISTICS (STATISTICSNO,STORENO,ENDPOINT,LEVELS,CHALLENGEDATE) values (547,2,'결제수단선택',null,to_date('20/10/06','RR/MM/DD'));
Insert into KIOSK.STATISTICS (STATISTICSNO,STORENO,ENDPOINT,LEVELS,CHALLENGEDATE) values (548,2,'결제수단선택',null,to_date('20/10/06','RR/MM/DD'));
Insert into KIOSK.STATISTICS (STATISTICSNO,STORENO,ENDPOINT,LEVELS,CHALLENGEDATE) values (549,2,'결제수단선택',null,to_date('20/10/06','RR/MM/DD'));
Insert into KIOSK.STATISTICS (STATISTICSNO,STORENO,ENDPOINT,LEVELS,CHALLENGEDATE) values (550,2,'주문후 메인',null,to_date('20/10/06','RR/MM/DD'));
Insert into KIOSK.STATISTICS (STATISTICSNO,STORENO,ENDPOINT,LEVELS,CHALLENGEDATE) values (551,2,'주문전 메인',null,to_date('20/10/06','RR/MM/DD'));
Insert into KIOSK.STATISTICS (STATISTICSNO,STORENO,ENDPOINT,LEVELS,CHALLENGEDATE) values (552,2,'장소 선택전 결제',null,to_date('20/10/06','RR/MM/DD'));
Insert into KIOSK.STATISTICS (STATISTICSNO,STORENO,ENDPOINT,LEVELS,CHALLENGEDATE) values (553,2,'광고',null,to_date('20/10/06','RR/MM/DD'));
Insert into KIOSK.STATISTICS (STATISTICSNO,STORENO,ENDPOINT,LEVELS,CHALLENGEDATE) values (554,2,'결제수단선택',null,to_date('20/10/06','RR/MM/DD'));
Insert into KIOSK.STATISTICS (STATISTICSNO,STORENO,ENDPOINT,LEVELS,CHALLENGEDATE) values (555,2,'광고',null,to_date('20/10/06','RR/MM/DD'));
Insert into KIOSK.STATISTICS (STATISTICSNO,STORENO,ENDPOINT,LEVELS,CHALLENGEDATE) values (556,2,'주문후 메인',null,to_date('20/10/06','RR/MM/DD'));
Insert into KIOSK.STATISTICS (STATISTICSNO,STORENO,ENDPOINT,LEVELS,CHALLENGEDATE) values (557,2,'장소 선택전 결제',null,to_date('20/10/06','RR/MM/DD'));
Insert into KIOSK.STATISTICS (STATISTICSNO,STORENO,ENDPOINT,LEVELS,CHALLENGEDATE) values (558,2,'장소 선택후 결제',null,to_date('20/10/06','RR/MM/DD'));
Insert into KIOSK.STATISTICS (STATISTICSNO,STORENO,ENDPOINT,LEVELS,CHALLENGEDATE) values (559,2,'사이드 선택',null,to_date('20/10/06','RR/MM/DD'));
Insert into KIOSK.STATISTICS (STATISTICSNO,STORENO,ENDPOINT,LEVELS,CHALLENGEDATE) values (560,2,'주문후 메인',null,to_date('20/10/06','RR/MM/DD'));
Insert into KIOSK.STATISTICS (STATISTICSNO,STORENO,ENDPOINT,LEVELS,CHALLENGEDATE) values (561,2,'단품/세트/콤보 선택',null,to_date('20/10/06','RR/MM/DD'));
Insert into KIOSK.STATISTICS (STATISTICSNO,STORENO,ENDPOINT,LEVELS,CHALLENGEDATE) values (562,2,'단품/세트/콤보 선택',null,to_date('20/10/06','RR/MM/DD'));
Insert into KIOSK.STATISTICS (STATISTICSNO,STORENO,ENDPOINT,LEVELS,CHALLENGEDATE) values (563,1,'주문후 메인',null,to_date('20/10/06','RR/MM/DD'));
Insert into KIOSK.STATISTICS (STATISTICSNO,STORENO,ENDPOINT,LEVELS,CHALLENGEDATE) values (564,1,'주문후 메인',null,to_date('20/10/06','RR/MM/DD'));
Insert into KIOSK.STATISTICS (STATISTICSNO,STORENO,ENDPOINT,LEVELS,CHALLENGEDATE) values (565,2,'단품/세트/콤보 선택',null,to_date('20/10/06','RR/MM/DD'));
Insert into KIOSK.STATISTICS (STATISTICSNO,STORENO,ENDPOINT,LEVELS,CHALLENGEDATE) values (566,1,'주문전 메인',null,to_date('20/10/06','RR/MM/DD'));
Insert into KIOSK.STATISTICS (STATISTICSNO,STORENO,ENDPOINT,LEVELS,CHALLENGEDATE) values (567,2,'주문후 메인',null,to_date('20/10/06','RR/MM/DD'));
Insert into KIOSK.STATISTICS (STATISTICSNO,STORENO,ENDPOINT,LEVELS,CHALLENGEDATE) values (568,2,'주문전 메인',null,to_date('20/10/06','RR/MM/DD'));
Insert into KIOSK.STATISTICS (STATISTICSNO,STORENO,ENDPOINT,LEVELS,CHALLENGEDATE) values (569,2,'장소 선택전 결제',null,to_date('20/10/06','RR/MM/DD'));
Insert into KIOSK.STATISTICS (STATISTICSNO,STORENO,ENDPOINT,LEVELS,CHALLENGEDATE) values (570,2,'장소 선택후 결제',null,to_date('20/10/06','RR/MM/DD'));
Insert into KIOSK.STATISTICS (STATISTICSNO,STORENO,ENDPOINT,LEVELS,CHALLENGEDATE) values (571,2,'장소 선택전 결제',null,to_date('20/10/06','RR/MM/DD'));
Insert into KIOSK.STATISTICS (STATISTICSNO,STORENO,ENDPOINT,LEVELS,CHALLENGEDATE) values (572,2,'주문후 메인',null,to_date('20/10/06','RR/MM/DD'));
Insert into KIOSK.STATISTICS (STATISTICSNO,STORENO,ENDPOINT,LEVELS,CHALLENGEDATE) values (573,2,'주문후 메인',null,to_date('20/10/06','RR/MM/DD'));
Insert into KIOSK.STATISTICS (STATISTICSNO,STORENO,ENDPOINT,LEVELS,CHALLENGEDATE) values (574,2,'사이드 선택',null,to_date('20/10/06','RR/MM/DD'));
Insert into KIOSK.STATISTICS (STATISTICSNO,STORENO,ENDPOINT,LEVELS,CHALLENGEDATE) values (575,2,'단품/세트/콤보 선택',null,to_date('20/10/06','RR/MM/DD'));
Insert into KIOSK.STATISTICS (STATISTICSNO,STORENO,ENDPOINT,LEVELS,CHALLENGEDATE) values (576,2,'단품/세트/콤보 선택',null,to_date('20/10/06','RR/MM/DD'));
Insert into KIOSK.STATISTICS (STATISTICSNO,STORENO,ENDPOINT,LEVELS,CHALLENGEDATE) values (577,2,'사이드 선택',null,to_date('20/10/06','RR/MM/DD'));
Insert into KIOSK.STATISTICS (STATISTICSNO,STORENO,ENDPOINT,LEVELS,CHALLENGEDATE) values (578,2,'사이드 선택',null,to_date('20/10/06','RR/MM/DD'));
Insert into KIOSK.STATISTICS (STATISTICSNO,STORENO,ENDPOINT,LEVELS,CHALLENGEDATE) values (579,2,'단품/세트/콤보 선택',null,to_date('20/10/06','RR/MM/DD'));
Insert into KIOSK.STATISTICS (STATISTICSNO,STORENO,ENDPOINT,LEVELS,CHALLENGEDATE) values (580,2,'사이드 선택',null,to_date('20/10/06','RR/MM/DD'));
Insert into KIOSK.STATISTICS (STATISTICSNO,STORENO,ENDPOINT,LEVELS,CHALLENGEDATE) values (581,2,'사이드 선택',null,to_date('20/10/06','RR/MM/DD'));
Insert into KIOSK.STATISTICS (STATISTICSNO,STORENO,ENDPOINT,LEVELS,CHALLENGEDATE) values (582,2,'주문전 메인',null,to_date('20/10/06','RR/MM/DD'));
Insert into KIOSK.STATISTICS (STATISTICSNO,STORENO,ENDPOINT,LEVELS,CHALLENGEDATE) values (583,2,'사이드 선택',null,to_date('20/10/06','RR/MM/DD'));
Insert into KIOSK.STATISTICS (STATISTICSNO,STORENO,ENDPOINT,LEVELS,CHALLENGEDATE) values (584,2,'사이드 선택',null,to_date('20/10/06','RR/MM/DD'));
Insert into KIOSK.STATISTICS (STATISTICSNO,STORENO,ENDPOINT,LEVELS,CHALLENGEDATE) values (585,2,'사이드 선택',null,to_date('20/10/06','RR/MM/DD'));
Insert into KIOSK.STATISTICS (STATISTICSNO,STORENO,ENDPOINT,LEVELS,CHALLENGEDATE) values (586,2,'주문후 메인',null,to_date('20/10/06','RR/MM/DD'));
Insert into KIOSK.STATISTICS (STATISTICSNO,STORENO,ENDPOINT,LEVELS,CHALLENGEDATE) values (587,2,'사이드 선택',null,to_date('20/10/06','RR/MM/DD'));
Insert into KIOSK.STATISTICS (STATISTICSNO,STORENO,ENDPOINT,LEVELS,CHALLENGEDATE) values (588,2,'장소 선택전 결제',null,to_date('20/10/06','RR/MM/DD'));
Insert into KIOSK.STATISTICS (STATISTICSNO,STORENO,ENDPOINT,LEVELS,CHALLENGEDATE) values (589,2,'clear','쉬움',to_date('20/10/06','RR/MM/DD'));
Insert into KIOSK.STATISTICS (STATISTICSNO,STORENO,ENDPOINT,LEVELS,CHALLENGEDATE) values (590,1,'주문전 메인',null,to_date('20/10/06','RR/MM/DD'));
Insert into KIOSK.STATISTICS (STATISTICSNO,STORENO,ENDPOINT,LEVELS,CHALLENGEDATE) values (591,2,'결제수단선택',null,to_date('20/10/06','RR/MM/DD'));
Insert into KIOSK.STATISTICS (STATISTICSNO,STORENO,ENDPOINT,LEVELS,CHALLENGEDATE) values (592,1,'주문전 메인',null,to_date('20/10/06','RR/MM/DD'));
Insert into KIOSK.STATISTICS (STATISTICSNO,STORENO,ENDPOINT,LEVELS,CHALLENGEDATE) values (593,2,'광고',null,to_date('20/10/06','RR/MM/DD'));
Insert into KIOSK.STATISTICS (STATISTICSNO,STORENO,ENDPOINT,LEVELS,CHALLENGEDATE) values (594,2,'광고',null,to_date('20/10/06','RR/MM/DD'));
Insert into KIOSK.STATISTICS (STATISTICSNO,STORENO,ENDPOINT,LEVELS,CHALLENGEDATE) values (595,2,'주문전 메인',null,to_date('20/10/06','RR/MM/DD'));
Insert into KIOSK.STATISTICS (STATISTICSNO,STORENO,ENDPOINT,LEVELS,CHALLENGEDATE) values (596,2,'광고',null,to_date('20/10/06','RR/MM/DD'));
Insert into KIOSK.STATISTICS (STATISTICSNO,STORENO,ENDPOINT,LEVELS,CHALLENGEDATE) values (597,1,'clear',null,to_date('20/10/06','RR/MM/DD'));
Insert into KIOSK.STATISTICS (STATISTICSNO,STORENO,ENDPOINT,LEVELS,CHALLENGEDATE) values (598,1,'clear','쉬움',to_date('20/10/06','RR/MM/DD'));
Insert into KIOSK.STATISTICS (STATISTICSNO,STORENO,ENDPOINT,LEVELS,CHALLENGEDATE) values (599,2,'주문후 메인',null,to_date('20/10/06','RR/MM/DD'));
Insert into KIOSK.STATISTICS (STATISTICSNO,STORENO,ENDPOINT,LEVELS,CHALLENGEDATE) values (600,2,'주문후 메인',null,to_date('20/10/06','RR/MM/DD'));
Insert into KIOSK.STATISTICS (STATISTICSNO,STORENO,ENDPOINT,LEVELS,CHALLENGEDATE) values (601,2,'주문후 메인',null,to_date('20/10/06','RR/MM/DD'));
Insert into KIOSK.STATISTICS (STATISTICSNO,STORENO,ENDPOINT,LEVELS,CHALLENGEDATE) values (602,2,'주문후 메인',null,to_date('20/10/06','RR/MM/DD'));
Insert into KIOSK.STATISTICS (STATISTICSNO,STORENO,ENDPOINT,LEVELS,CHALLENGEDATE) values (603,2,'주문전 메인',null,to_date('20/10/06','RR/MM/DD'));
Insert into KIOSK.STATISTICS (STATISTICSNO,STORENO,ENDPOINT,LEVELS,CHALLENGEDATE) values (604,2,'장소 선택전 결제',null,to_date('20/10/06','RR/MM/DD'));
Insert into KIOSK.STATISTICS (STATISTICSNO,STORENO,ENDPOINT,LEVELS,CHALLENGEDATE) values (605,2,'장소 선택전 결제',null,to_date('20/10/06','RR/MM/DD'));
Insert into KIOSK.STATISTICS (STATISTICSNO,STORENO,ENDPOINT,LEVELS,CHALLENGEDATE) values (606,2,'주문후 메인',null,to_date('20/10/06','RR/MM/DD'));
Insert into KIOSK.STATISTICS (STATISTICSNO,STORENO,ENDPOINT,LEVELS,CHALLENGEDATE) values (607,2,'장소 선택전 결제',null,to_date('20/10/06','RR/MM/DD'));
Insert into KIOSK.STATISTICS (STATISTICSNO,STORENO,ENDPOINT,LEVELS,CHALLENGEDATE) values (608,2,'장소 선택전 결제',null,to_date('20/10/06','RR/MM/DD'));
Insert into KIOSK.STATISTICS (STATISTICSNO,STORENO,ENDPOINT,LEVELS,CHALLENGEDATE) values (609,2,'주문전 메인',null,to_date('20/10/06','RR/MM/DD'));
Insert into KIOSK.STATISTICS (STATISTICSNO,STORENO,ENDPOINT,LEVELS,CHALLENGEDATE) values (610,2,'장소 선택전 결제',null,to_date('20/10/06','RR/MM/DD'));
Insert into KIOSK.STATISTICS (STATISTICSNO,STORENO,ENDPOINT,LEVELS,CHALLENGEDATE) values (611,2,'장소 선택후 결제',null,to_date('20/10/06','RR/MM/DD'));
Insert into KIOSK.STATISTICS (STATISTICSNO,STORENO,ENDPOINT,LEVELS,CHALLENGEDATE) values (612,2,'장소 선택전 결제',null,to_date('20/10/06','RR/MM/DD'));
Insert into KIOSK.STATISTICS (STATISTICSNO,STORENO,ENDPOINT,LEVELS,CHALLENGEDATE) values (613,2,'장소 선택후 결제',null,to_date('20/10/06','RR/MM/DD'));
Insert into KIOSK.STATISTICS (STATISTICSNO,STORENO,ENDPOINT,LEVELS,CHALLENGEDATE) values (614,2,'장소 선택후 결제',null,to_date('20/10/06','RR/MM/DD'));
Insert into KIOSK.STATISTICS (STATISTICSNO,STORENO,ENDPOINT,LEVELS,CHALLENGEDATE) values (615,2,'장소 선택전 결제',null,to_date('20/10/06','RR/MM/DD'));
Insert into KIOSK.STATISTICS (STATISTICSNO,STORENO,ENDPOINT,LEVELS,CHALLENGEDATE) values (616,2,'장소 선택후 결제',null,to_date('20/10/06','RR/MM/DD'));
Insert into KIOSK.STATISTICS (STATISTICSNO,STORENO,ENDPOINT,LEVELS,CHALLENGEDATE) values (617,2,'장소 선택전 결제',null,to_date('20/10/06','RR/MM/DD'));
Insert into KIOSK.STATISTICS (STATISTICSNO,STORENO,ENDPOINT,LEVELS,CHALLENGEDATE) values (618,2,'장소 선택후 결제',null,to_date('20/10/06','RR/MM/DD'));
Insert into KIOSK.STATISTICS (STATISTICSNO,STORENO,ENDPOINT,LEVELS,CHALLENGEDATE) values (619,2,'장소 선택전 결제',null,to_date('20/10/06','RR/MM/DD'));
Insert into KIOSK.STATISTICS (STATISTICSNO,STORENO,ENDPOINT,LEVELS,CHALLENGEDATE) values (620,2,'장소 선택전 결제',null,to_date('20/10/06','RR/MM/DD'));
Insert into KIOSK.STATISTICS (STATISTICSNO,STORENO,ENDPOINT,LEVELS,CHALLENGEDATE) values (621,2,'장소 선택후 결제',null,to_date('20/10/06','RR/MM/DD'));
Insert into KIOSK.STATISTICS (STATISTICSNO,STORENO,ENDPOINT,LEVELS,CHALLENGEDATE) values (622,2,'주문후 메인',null,to_date('20/10/06','RR/MM/DD'));
Insert into KIOSK.STATISTICS (STATISTICSNO,STORENO,ENDPOINT,LEVELS,CHALLENGEDATE) values (623,2,'결제수단선택',null,to_date('20/10/06','RR/MM/DD'));
Insert into KIOSK.STATISTICS (STATISTICSNO,STORENO,ENDPOINT,LEVELS,CHALLENGEDATE) values (624,2,'광고',null,to_date('20/10/06','RR/MM/DD'));
Insert into KIOSK.STATISTICS (STATISTICSNO,STORENO,ENDPOINT,LEVELS,CHALLENGEDATE) values (625,2,'장소 선택후 결제',null,to_date('20/10/06','RR/MM/DD'));
Insert into KIOSK.STATISTICS (STATISTICSNO,STORENO,ENDPOINT,LEVELS,CHALLENGEDATE) values (626,2,'장소 선택전 결제',null,to_date('20/10/06','RR/MM/DD'));
Insert into KIOSK.STATISTICS (STATISTICSNO,STORENO,ENDPOINT,LEVELS,CHALLENGEDATE) values (627,2,'장소 선택후 결제',null,to_date('20/10/06','RR/MM/DD'));
Insert into KIOSK.STATISTICS (STATISTICSNO,STORENO,ENDPOINT,LEVELS,CHALLENGEDATE) values (628,2,'장소 선택전 결제',null,to_date('20/10/06','RR/MM/DD'));
Insert into KIOSK.STATISTICS (STATISTICSNO,STORENO,ENDPOINT,LEVELS,CHALLENGEDATE) values (629,2,'장소 선택후 결제',null,to_date('20/10/06','RR/MM/DD'));
Insert into KIOSK.STATISTICS (STATISTICSNO,STORENO,ENDPOINT,LEVELS,CHALLENGEDATE) values (630,2,'장소 선택전 결제',null,to_date('20/10/06','RR/MM/DD'));
Insert into KIOSK.STATISTICS (STATISTICSNO,STORENO,ENDPOINT,LEVELS,CHALLENGEDATE) values (631,2,'장소 선택후 결제',null,to_date('20/10/06','RR/MM/DD'));
Insert into KIOSK.STATISTICS (STATISTICSNO,STORENO,ENDPOINT,LEVELS,CHALLENGEDATE) values (632,2,'장소 선택전 결제',null,to_date('20/10/06','RR/MM/DD'));
Insert into KIOSK.STATISTICS (STATISTICSNO,STORENO,ENDPOINT,LEVELS,CHALLENGEDATE) values (633,2,'장소 선택후 결제',null,to_date('20/10/06','RR/MM/DD'));
Insert into KIOSK.STATISTICS (STATISTICSNO,STORENO,ENDPOINT,LEVELS,CHALLENGEDATE) values (634,2,'장소 선택전 결제',null,to_date('20/10/06','RR/MM/DD'));
Insert into KIOSK.STATISTICS (STATISTICSNO,STORENO,ENDPOINT,LEVELS,CHALLENGEDATE) values (635,2,'장소 선택전 결제',null,to_date('20/10/06','RR/MM/DD'));
Insert into KIOSK.STATISTICS (STATISTICSNO,STORENO,ENDPOINT,LEVELS,CHALLENGEDATE) values (636,2,'장소 선택후 결제',null,to_date('20/10/06','RR/MM/DD'));
Insert into KIOSK.STATISTICS (STATISTICSNO,STORENO,ENDPOINT,LEVELS,CHALLENGEDATE) values (637,2,'장소 선택전 결제',null,to_date('20/10/06','RR/MM/DD'));
Insert into KIOSK.STATISTICS (STATISTICSNO,STORENO,ENDPOINT,LEVELS,CHALLENGEDATE) values (638,2,'장소 선택후 결제',null,to_date('20/10/06','RR/MM/DD'));
Insert into KIOSK.STATISTICS (STATISTICSNO,STORENO,ENDPOINT,LEVELS,CHALLENGEDATE) values (639,2,'장소 선택전 결제',null,to_date('20/10/06','RR/MM/DD'));
Insert into KIOSK.STATISTICS (STATISTICSNO,STORENO,ENDPOINT,LEVELS,CHALLENGEDATE) values (640,2,'장소 선택전 결제',null,to_date('20/10/06','RR/MM/DD'));
Insert into KIOSK.STATISTICS (STATISTICSNO,STORENO,ENDPOINT,LEVELS,CHALLENGEDATE) values (641,2,'장소 선택전 결제',null,to_date('20/10/06','RR/MM/DD'));
Insert into KIOSK.STATISTICS (STATISTICSNO,STORENO,ENDPOINT,LEVELS,CHALLENGEDATE) values (642,2,'장소 선택전 결제',null,to_date('20/10/06','RR/MM/DD'));
Insert into KIOSK.STATISTICS (STATISTICSNO,STORENO,ENDPOINT,LEVELS,CHALLENGEDATE) values (643,2,'장소 선택전 결제',null,to_date('20/10/06','RR/MM/DD'));
Insert into KIOSK.STATISTICS (STATISTICSNO,STORENO,ENDPOINT,LEVELS,CHALLENGEDATE) values (644,2,'장소 선택전 결제',null,to_date('20/10/06','RR/MM/DD'));
Insert into KIOSK.STATISTICS (STATISTICSNO,STORENO,ENDPOINT,LEVELS,CHALLENGEDATE) values (645,2,'장소 선택전 결제',null,to_date('20/10/06','RR/MM/DD'));
Insert into KIOSK.STATISTICS (STATISTICSNO,STORENO,ENDPOINT,LEVELS,CHALLENGEDATE) values (646,2,'장소 선택전 결제',null,to_date('20/10/06','RR/MM/DD'));
Insert into KIOSK.STATISTICS (STATISTICSNO,STORENO,ENDPOINT,LEVELS,CHALLENGEDATE) values (647,2,'장소 선택전 결제',null,to_date('20/10/06','RR/MM/DD'));
Insert into KIOSK.STATISTICS (STATISTICSNO,STORENO,ENDPOINT,LEVELS,CHALLENGEDATE) values (648,2,'장소 선택후 결제',null,to_date('20/10/06','RR/MM/DD'));
Insert into KIOSK.STATISTICS (STATISTICSNO,STORENO,ENDPOINT,LEVELS,CHALLENGEDATE) values (649,2,'장소 선택전 결제',null,to_date('20/10/06','RR/MM/DD'));
Insert into KIOSK.STATISTICS (STATISTICSNO,STORENO,ENDPOINT,LEVELS,CHALLENGEDATE) values (650,2,'장소 선택전 결제',null,to_date('20/10/06','RR/MM/DD'));
Insert into KIOSK.STATISTICS (STATISTICSNO,STORENO,ENDPOINT,LEVELS,CHALLENGEDATE) values (651,2,'장소 선택후 결제',null,to_date('20/10/06','RR/MM/DD'));
Insert into KIOSK.STATISTICS (STATISTICSNO,STORENO,ENDPOINT,LEVELS,CHALLENGEDATE) values (652,2,'장소 선택후 결제',null,to_date('20/10/06','RR/MM/DD'));
Insert into KIOSK.STATISTICS (STATISTICSNO,STORENO,ENDPOINT,LEVELS,CHALLENGEDATE) values (653,2,'장소 선택전 결제',null,to_date('20/10/06','RR/MM/DD'));
Insert into KIOSK.STATISTICS (STATISTICSNO,STORENO,ENDPOINT,LEVELS,CHALLENGEDATE) values (654,2,'주문후 메인',null,to_date('20/10/06','RR/MM/DD'));
Insert into KIOSK.STATISTICS (STATISTICSNO,STORENO,ENDPOINT,LEVELS,CHALLENGEDATE) values (655,1,'주문전 메인',null,to_date('20/10/06','RR/MM/DD'));
Insert into KIOSK.STATISTICS (STATISTICSNO,STORENO,ENDPOINT,LEVELS,CHALLENGEDATE) values (656,1,'주문전 메인',null,to_date('20/10/06','RR/MM/DD'));
Insert into KIOSK.STATISTICS (STATISTICSNO,STORENO,ENDPOINT,LEVELS,CHALLENGEDATE) values (657,1,'사이드 변경',null,to_date('20/10/06','RR/MM/DD'));
Insert into KIOSK.STATISTICS (STATISTICSNO,STORENO,ENDPOINT,LEVELS,CHALLENGEDATE) values (658,2,'주문후 메인',null,to_date('20/10/06','RR/MM/DD'));
Insert into KIOSK.STATISTICS (STATISTICSNO,STORENO,ENDPOINT,LEVELS,CHALLENGEDATE) values (659,1,'사이드 변경',null,to_date('20/10/06','RR/MM/DD'));
Insert into KIOSK.STATISTICS (STATISTICSNO,STORENO,ENDPOINT,LEVELS,CHALLENGEDATE) values (660,1,'사이드 변경',null,to_date('20/10/06','RR/MM/DD'));
Insert into KIOSK.STATISTICS (STATISTICSNO,STORENO,ENDPOINT,LEVELS,CHALLENGEDATE) values (661,1,'주문전 메인',null,to_date('20/10/06','RR/MM/DD'));
Insert into KIOSK.STATISTICS (STATISTICSNO,STORENO,ENDPOINT,LEVELS,CHALLENGEDATE) values (662,2,'주문후 메인',null,to_date('20/10/06','RR/MM/DD'));
Insert into KIOSK.STATISTICS (STATISTICSNO,STORENO,ENDPOINT,LEVELS,CHALLENGEDATE) values (663,2,'사이드 선택',null,to_date('20/10/06','RR/MM/DD'));
Insert into KIOSK.STATISTICS (STATISTICSNO,STORENO,ENDPOINT,LEVELS,CHALLENGEDATE) values (664,1,'주문전 메인',null,to_date('20/10/06','RR/MM/DD'));
Insert into KIOSK.STATISTICS (STATISTICSNO,STORENO,ENDPOINT,LEVELS,CHALLENGEDATE) values (665,2,'주문후 메인',null,to_date('20/10/06','RR/MM/DD'));
Insert into KIOSK.STATISTICS (STATISTICSNO,STORENO,ENDPOINT,LEVELS,CHALLENGEDATE) values (666,2,'주문후 메인',null,to_date('20/10/06','RR/MM/DD'));
Insert into KIOSK.STATISTICS (STATISTICSNO,STORENO,ENDPOINT,LEVELS,CHALLENGEDATE) values (667,2,'결제수단선택',null,to_date('20/10/06','RR/MM/DD'));
Insert into KIOSK.STATISTICS (STATISTICSNO,STORENO,ENDPOINT,LEVELS,CHALLENGEDATE) values (668,2,'광고',null,to_date('20/10/06','RR/MM/DD'));
Insert into KIOSK.STATISTICS (STATISTICSNO,STORENO,ENDPOINT,LEVELS,CHALLENGEDATE) values (669,2,'주문전 메인',null,to_date('20/10/06','RR/MM/DD'));
Insert into KIOSK.STATISTICS (STATISTICSNO,STORENO,ENDPOINT,LEVELS,CHALLENGEDATE) values (670,2,'결제수단선택',null,to_date('20/10/06','RR/MM/DD'));
Insert into KIOSK.STATISTICS (STATISTICSNO,STORENO,ENDPOINT,LEVELS,CHALLENGEDATE) values (671,2,'장소 선택전 결제',null,to_date('20/10/06','RR/MM/DD'));
Insert into KIOSK.STATISTICS (STATISTICSNO,STORENO,ENDPOINT,LEVELS,CHALLENGEDATE) values (672,2,'장소 선택후 결제',null,to_date('20/10/06','RR/MM/DD'));
Insert into KIOSK.STATISTICS (STATISTICSNO,STORENO,ENDPOINT,LEVELS,CHALLENGEDATE) values (673,2,'주문후 메인',null,to_date('20/10/06','RR/MM/DD'));
Insert into KIOSK.STATISTICS (STATISTICSNO,STORENO,ENDPOINT,LEVELS,CHALLENGEDATE) values (674,2,'주문후 메인',null,to_date('20/10/06','RR/MM/DD'));
Insert into KIOSK.STATISTICS (STATISTICSNO,STORENO,ENDPOINT,LEVELS,CHALLENGEDATE) values (675,2,'주문후 메인',null,to_date('20/10/06','RR/MM/DD'));
Insert into KIOSK.STATISTICS (STATISTICSNO,STORENO,ENDPOINT,LEVELS,CHALLENGEDATE) values (676,2,'주문전 메인',null,to_date('20/10/06','RR/MM/DD'));
Insert into KIOSK.STATISTICS (STATISTICSNO,STORENO,ENDPOINT,LEVELS,CHALLENGEDATE) values (677,2,'주문후 메인',null,to_date('20/10/06','RR/MM/DD'));
Insert into KIOSK.STATISTICS (STATISTICSNO,STORENO,ENDPOINT,LEVELS,CHALLENGEDATE) values (678,2,'주문전 메인',null,to_date('20/10/06','RR/MM/DD'));
Insert into KIOSK.STATISTICS (STATISTICSNO,STORENO,ENDPOINT,LEVELS,CHALLENGEDATE) values (679,2,'결제수단선택',null,to_date('20/10/06','RR/MM/DD'));
Insert into KIOSK.STATISTICS (STATISTICSNO,STORENO,ENDPOINT,LEVELS,CHALLENGEDATE) values (680,2,'주문후 메인',null,to_date('20/10/06','RR/MM/DD'));
Insert into KIOSK.STATISTICS (STATISTICSNO,STORENO,ENDPOINT,LEVELS,CHALLENGEDATE) values (681,2,'주문전 메인',null,to_date('20/10/06','RR/MM/DD'));
Insert into KIOSK.STATISTICS (STATISTICSNO,STORENO,ENDPOINT,LEVELS,CHALLENGEDATE) values (682,2,'주문후 메인',null,to_date('20/10/06','RR/MM/DD'));
Insert into KIOSK.STATISTICS (STATISTICSNO,STORENO,ENDPOINT,LEVELS,CHALLENGEDATE) values (683,2,'주문전 메인',null,to_date('20/10/06','RR/MM/DD'));
Insert into KIOSK.STATISTICS (STATISTICSNO,STORENO,ENDPOINT,LEVELS,CHALLENGEDATE) values (684,2,'장소 선택후 결제',null,to_date('20/10/06','RR/MM/DD'));
Insert into KIOSK.STATISTICS (STATISTICSNO,STORENO,ENDPOINT,LEVELS,CHALLENGEDATE) values (685,2,'장소 선택전 결제',null,to_date('20/10/06','RR/MM/DD'));
Insert into KIOSK.STATISTICS (STATISTICSNO,STORENO,ENDPOINT,LEVELS,CHALLENGEDATE) values (686,2,'사이드 선택',null,to_date('20/10/06','RR/MM/DD'));
Insert into KIOSK.STATISTICS (STATISTICSNO,STORENO,ENDPOINT,LEVELS,CHALLENGEDATE) values (687,2,'주문후 메인',null,to_date('20/10/06','RR/MM/DD'));
Insert into KIOSK.STATISTICS (STATISTICSNO,STORENO,ENDPOINT,LEVELS,CHALLENGEDATE) values (688,2,'장소 선택후 결제',null,to_date('20/10/06','RR/MM/DD'));
Insert into KIOSK.STATISTICS (STATISTICSNO,STORENO,ENDPOINT,LEVELS,CHALLENGEDATE) values (689,2,'장소 선택전 결제',null,to_date('20/10/06','RR/MM/DD'));
Insert into KIOSK.STATISTICS (STATISTICSNO,STORENO,ENDPOINT,LEVELS,CHALLENGEDATE) values (690,2,'사이드 선택',null,to_date('20/10/06','RR/MM/DD'));
Insert into KIOSK.STATISTICS (STATISTICSNO,STORENO,ENDPOINT,LEVELS,CHALLENGEDATE) values (691,2,'장소 선택후 결제',null,to_date('20/10/06','RR/MM/DD'));
Insert into KIOSK.STATISTICS (STATISTICSNO,STORENO,ENDPOINT,LEVELS,CHALLENGEDATE) values (692,2,'장소 선택전 결제',null,to_date('20/10/06','RR/MM/DD'));
Insert into KIOSK.STATISTICS (STATISTICSNO,STORENO,ENDPOINT,LEVELS,CHALLENGEDATE) values (693,2,'장소 선택전 결제',null,to_date('20/10/06','RR/MM/DD'));
Insert into KIOSK.STATISTICS (STATISTICSNO,STORENO,ENDPOINT,LEVELS,CHALLENGEDATE) values (694,2,'장소 선택후 결제',null,to_date('20/10/06','RR/MM/DD'));
Insert into KIOSK.STATISTICS (STATISTICSNO,STORENO,ENDPOINT,LEVELS,CHALLENGEDATE) values (695,2,'장소 선택전 결제',null,to_date('20/10/06','RR/MM/DD'));
Insert into KIOSK.STATISTICS (STATISTICSNO,STORENO,ENDPOINT,LEVELS,CHALLENGEDATE) values (696,2,'장소 선택후 결제',null,to_date('20/10/06','RR/MM/DD'));
Insert into KIOSK.STATISTICS (STATISTICSNO,STORENO,ENDPOINT,LEVELS,CHALLENGEDATE) values (697,2,'장소 선택전 결제',null,to_date('20/10/06','RR/MM/DD'));
Insert into KIOSK.STATISTICS (STATISTICSNO,STORENO,ENDPOINT,LEVELS,CHALLENGEDATE) values (698,2,'장소 선택전 결제',null,to_date('20/10/06','RR/MM/DD'));
Insert into KIOSK.STATISTICS (STATISTICSNO,STORENO,ENDPOINT,LEVELS,CHALLENGEDATE) values (699,2,'장소 선택후 결제',null,to_date('20/10/06','RR/MM/DD'));
Insert into KIOSK.STATISTICS (STATISTICSNO,STORENO,ENDPOINT,LEVELS,CHALLENGEDATE) values (700,2,'장소 선택전 결제',null,to_date('20/10/06','RR/MM/DD'));
Insert into KIOSK.STATISTICS (STATISTICSNO,STORENO,ENDPOINT,LEVELS,CHALLENGEDATE) values (701,2,'주문후 메인',null,to_date('20/10/06','RR/MM/DD'));
Insert into KIOSK.STATISTICS (STATISTICSNO,STORENO,ENDPOINT,LEVELS,CHALLENGEDATE) values (702,2,'주문전 메인',null,to_date('20/10/07','RR/MM/DD'));
Insert into KIOSK.STATISTICS (STATISTICSNO,STORENO,ENDPOINT,LEVELS,CHALLENGEDATE) values (703,2,'장소 선택전 결제',null,to_date('20/10/07','RR/MM/DD'));
Insert into KIOSK.STATISTICS (STATISTICSNO,STORENO,ENDPOINT,LEVELS,CHALLENGEDATE) values (704,2,'광고',null,to_date('20/10/07','RR/MM/DD'));
Insert into KIOSK.STATISTICS (STATISTICSNO,STORENO,ENDPOINT,LEVELS,CHALLENGEDATE) values (705,1,'clear',null,to_date('20/10/07','RR/MM/DD'));
Insert into KIOSK.STATISTICS (STATISTICSNO,STORENO,ENDPOINT,LEVELS,CHALLENGEDATE) values (706,1,'clear','쉬움',to_date('20/10/07','RR/MM/DD'));
Insert into KIOSK.STATISTICS (STATISTICSNO,STORENO,ENDPOINT,LEVELS,CHALLENGEDATE) values (707,1,'clear',null,to_date('20/10/07','RR/MM/DD'));
Insert into KIOSK.STATISTICS (STATISTICSNO,STORENO,ENDPOINT,LEVELS,CHALLENGEDATE) values (708,1,'clear','쉬움',to_date('20/10/07','RR/MM/DD'));
Insert into KIOSK.STATISTICS (STATISTICSNO,STORENO,ENDPOINT,LEVELS,CHALLENGEDATE) values (709,1,'주문전 메인',null,to_date('20/10/07','RR/MM/DD'));
Insert into KIOSK.STATISTICS (STATISTICSNO,STORENO,ENDPOINT,LEVELS,CHALLENGEDATE) values (710,2,'사이드 선택',null,to_date('20/10/07','RR/MM/DD'));
Insert into KIOSK.STATISTICS (STATISTICSNO,STORENO,ENDPOINT,LEVELS,CHALLENGEDATE) values (711,2,'주문후 메인',null,to_date('20/10/07','RR/MM/DD'));
Insert into KIOSK.STATISTICS (STATISTICSNO,STORENO,ENDPOINT,LEVELS,CHALLENGEDATE) values (712,2,'주문후 메인',null,to_date('20/10/07','RR/MM/DD'));
Insert into KIOSK.STATISTICS (STATISTICSNO,STORENO,ENDPOINT,LEVELS,CHALLENGEDATE) values (713,2,'주문전 메인',null,to_date('20/10/07','RR/MM/DD'));
Insert into KIOSK.STATISTICS (STATISTICSNO,STORENO,ENDPOINT,LEVELS,CHALLENGEDATE) values (714,2,'주문후 메인',null,to_date('20/10/07','RR/MM/DD'));
Insert into KIOSK.STATISTICS (STATISTICSNO,STORENO,ENDPOINT,LEVELS,CHALLENGEDATE) values (715,1,'세트 선택',null,to_date('20/10/07','RR/MM/DD'));
Insert into KIOSK.STATISTICS (STATISTICSNO,STORENO,ENDPOINT,LEVELS,CHALLENGEDATE) values (716,2,'주문전 메인',null,to_date('20/10/07','RR/MM/DD'));
Insert into KIOSK.STATISTICS (STATISTICSNO,STORENO,ENDPOINT,LEVELS,CHALLENGEDATE) values (717,2,'주문후 메인',null,to_date('20/10/07','RR/MM/DD'));
Insert into KIOSK.STATISTICS (STATISTICSNO,STORENO,ENDPOINT,LEVELS,CHALLENGEDATE) values (718,2,'주문후 메인',null,to_date('20/10/07','RR/MM/DD'));
Insert into KIOSK.STATISTICS (STATISTICSNO,STORENO,ENDPOINT,LEVELS,CHALLENGEDATE) values (719,2,'주문전 메인',null,to_date('20/10/07','RR/MM/DD'));
Insert into KIOSK.STATISTICS (STATISTICSNO,STORENO,ENDPOINT,LEVELS,CHALLENGEDATE) values (720,2,'주문후 메인',null,to_date('20/10/07','RR/MM/DD'));
Insert into KIOSK.STATISTICS (STATISTICSNO,STORENO,ENDPOINT,LEVELS,CHALLENGEDATE) values (721,2,'주문전 메인',null,to_date('20/10/07','RR/MM/DD'));
Insert into KIOSK.STATISTICS (STATISTICSNO,STORENO,ENDPOINT,LEVELS,CHALLENGEDATE) values (722,2,'주문후 메인',null,to_date('20/10/07','RR/MM/DD'));
Insert into KIOSK.STATISTICS (STATISTICSNO,STORENO,ENDPOINT,LEVELS,CHALLENGEDATE) values (723,1,'사이드 변경',null,to_date('20/10/07','RR/MM/DD'));
Insert into KIOSK.STATISTICS (STATISTICSNO,STORENO,ENDPOINT,LEVELS,CHALLENGEDATE) values (724,2,'주문후 메인',null,to_date('20/10/07','RR/MM/DD'));
Insert into KIOSK.STATISTICS (STATISTICSNO,STORENO,ENDPOINT,LEVELS,CHALLENGEDATE) values (725,2,'주문전 메인',null,to_date('20/10/07','RR/MM/DD'));
Insert into KIOSK.STATISTICS (STATISTICSNO,STORENO,ENDPOINT,LEVELS,CHALLENGEDATE) values (726,2,'주문후 메인',null,to_date('20/10/07','RR/MM/DD'));
Insert into KIOSK.STATISTICS (STATISTICSNO,STORENO,ENDPOINT,LEVELS,CHALLENGEDATE) values (727,2,'주문전 메인',null,to_date('20/10/07','RR/MM/DD'));
Insert into KIOSK.STATISTICS (STATISTICSNO,STORENO,ENDPOINT,LEVELS,CHALLENGEDATE) values (728,2,'주문후 메인',null,to_date('20/10/07','RR/MM/DD'));
Insert into KIOSK.STATISTICS (STATISTICSNO,STORENO,ENDPOINT,LEVELS,CHALLENGEDATE) values (729,2,'주문후 메인',null,to_date('20/10/07','RR/MM/DD'));
Insert into KIOSK.STATISTICS (STATISTICSNO,STORENO,ENDPOINT,LEVELS,CHALLENGEDATE) values (730,2,'주문전 메인',null,to_date('20/10/07','RR/MM/DD'));
Insert into KIOSK.STATISTICS (STATISTICSNO,STORENO,ENDPOINT,LEVELS,CHALLENGEDATE) values (731,2,'사이드 선택',null,to_date('20/10/07','RR/MM/DD'));
Insert into KIOSK.STATISTICS (STATISTICSNO,STORENO,ENDPOINT,LEVELS,CHALLENGEDATE) values (732,2,'주문후 메인',null,to_date('20/10/07','RR/MM/DD'));
Insert into KIOSK.STATISTICS (STATISTICSNO,STORENO,ENDPOINT,LEVELS,CHALLENGEDATE) values (733,2,'주문후 메인',null,to_date('20/10/07','RR/MM/DD'));
Insert into KIOSK.STATISTICS (STATISTICSNO,STORENO,ENDPOINT,LEVELS,CHALLENGEDATE) values (734,2,'주문후 메인',null,to_date('20/10/07','RR/MM/DD'));
Insert into KIOSK.STATISTICS (STATISTICSNO,STORENO,ENDPOINT,LEVELS,CHALLENGEDATE) values (735,2,'주문후 메인',null,to_date('20/10/07','RR/MM/DD'));
Insert into KIOSK.STATISTICS (STATISTICSNO,STORENO,ENDPOINT,LEVELS,CHALLENGEDATE) values (736,2,'주문후 메인',null,to_date('20/10/07','RR/MM/DD'));
Insert into KIOSK.STATISTICS (STATISTICSNO,STORENO,ENDPOINT,LEVELS,CHALLENGEDATE) values (737,2,'주문후 메인',null,to_date('20/10/07','RR/MM/DD'));
Insert into KIOSK.STATISTICS (STATISTICSNO,STORENO,ENDPOINT,LEVELS,CHALLENGEDATE) values (738,2,'주문전 메인',null,to_date('20/10/07','RR/MM/DD'));
Insert into KIOSK.STATISTICS (STATISTICSNO,STORENO,ENDPOINT,LEVELS,CHALLENGEDATE) values (739,2,'주문후 메인',null,to_date('20/10/07','RR/MM/DD'));
Insert into KIOSK.STATISTICS (STATISTICSNO,STORENO,ENDPOINT,LEVELS,CHALLENGEDATE) values (740,2,'주문전 메인',null,to_date('20/10/07','RR/MM/DD'));
Insert into KIOSK.STATISTICS (STATISTICSNO,STORENO,ENDPOINT,LEVELS,CHALLENGEDATE) values (741,2,'주문후 메인',null,to_date('20/10/07','RR/MM/DD'));
Insert into KIOSK.STATISTICS (STATISTICSNO,STORENO,ENDPOINT,LEVELS,CHALLENGEDATE) values (742,2,'주문후 메인',null,to_date('20/10/07','RR/MM/DD'));
Insert into KIOSK.STATISTICS (STATISTICSNO,STORENO,ENDPOINT,LEVELS,CHALLENGEDATE) values (743,2,'주문전 메인',null,to_date('20/10/07','RR/MM/DD'));
Insert into KIOSK.STATISTICS (STATISTICSNO,STORENO,ENDPOINT,LEVELS,CHALLENGEDATE) values (744,2,'주문후 메인',null,to_date('20/10/07','RR/MM/DD'));
Insert into KIOSK.STATISTICS (STATISTICSNO,STORENO,ENDPOINT,LEVELS,CHALLENGEDATE) values (745,2,'주문전 메인',null,to_date('20/10/07','RR/MM/DD'));
Insert into KIOSK.STATISTICS (STATISTICSNO,STORENO,ENDPOINT,LEVELS,CHALLENGEDATE) values (746,2,'주문후 메인',null,to_date('20/10/07','RR/MM/DD'));
Insert into KIOSK.STATISTICS (STATISTICSNO,STORENO,ENDPOINT,LEVELS,CHALLENGEDATE) values (747,2,'주문후 메인',null,to_date('20/10/07','RR/MM/DD'));
Insert into KIOSK.STATISTICS (STATISTICSNO,STORENO,ENDPOINT,LEVELS,CHALLENGEDATE) values (748,2,'주문전 메인',null,to_date('20/10/07','RR/MM/DD'));
Insert into KIOSK.STATISTICS (STATISTICSNO,STORENO,ENDPOINT,LEVELS,CHALLENGEDATE) values (749,2,'주문후 메인',null,to_date('20/10/07','RR/MM/DD'));
Insert into KIOSK.STATISTICS (STATISTICSNO,STORENO,ENDPOINT,LEVELS,CHALLENGEDATE) values (750,2,'주문후 메인',null,to_date('20/10/07','RR/MM/DD'));
Insert into KIOSK.STATISTICS (STATISTICSNO,STORENO,ENDPOINT,LEVELS,CHALLENGEDATE) values (751,2,'주문후 메인',null,to_date('20/10/07','RR/MM/DD'));
Insert into KIOSK.STATISTICS (STATISTICSNO,STORENO,ENDPOINT,LEVELS,CHALLENGEDATE) values (752,2,'주문전 메인',null,to_date('20/10/07','RR/MM/DD'));
Insert into KIOSK.STATISTICS (STATISTICSNO,STORENO,ENDPOINT,LEVELS,CHALLENGEDATE) values (753,2,'단품/세트/콤보 선택',null,to_date('20/10/07','RR/MM/DD'));
Insert into KIOSK.STATISTICS (STATISTICSNO,STORENO,ENDPOINT,LEVELS,CHALLENGEDATE) values (754,2,'주문후 메인',null,to_date('20/10/07','RR/MM/DD'));
Insert into KIOSK.STATISTICS (STATISTICSNO,STORENO,ENDPOINT,LEVELS,CHALLENGEDATE) values (755,2,'주문후 메인',null,to_date('20/10/07','RR/MM/DD'));
Insert into KIOSK.STATISTICS (STATISTICSNO,STORENO,ENDPOINT,LEVELS,CHALLENGEDATE) values (756,2,'주문후 메인',null,to_date('20/10/07','RR/MM/DD'));
Insert into KIOSK.STATISTICS (STATISTICSNO,STORENO,ENDPOINT,LEVELS,CHALLENGEDATE) values (757,2,'주문후 메인',null,to_date('20/10/07','RR/MM/DD'));
Insert into KIOSK.STATISTICS (STATISTICSNO,STORENO,ENDPOINT,LEVELS,CHALLENGEDATE) values (758,2,'장소 선택전 결제',null,to_date('20/10/07','RR/MM/DD'));
Insert into KIOSK.STATISTICS (STATISTICSNO,STORENO,ENDPOINT,LEVELS,CHALLENGEDATE) values (759,2,'주문후 메인',null,to_date('20/10/07','RR/MM/DD'));
Insert into KIOSK.STATISTICS (STATISTICSNO,STORENO,ENDPOINT,LEVELS,CHALLENGEDATE) values (760,2,'주문후 메인',null,to_date('20/10/07','RR/MM/DD'));
Insert into KIOSK.STATISTICS (STATISTICSNO,STORENO,ENDPOINT,LEVELS,CHALLENGEDATE) values (761,2,'주문후 메인',null,to_date('20/10/07','RR/MM/DD'));
Insert into KIOSK.STATISTICS (STATISTICSNO,STORENO,ENDPOINT,LEVELS,CHALLENGEDATE) values (762,2,'주문후 메인',null,to_date('20/10/07','RR/MM/DD'));
Insert into KIOSK.STATISTICS (STATISTICSNO,STORENO,ENDPOINT,LEVELS,CHALLENGEDATE) values (763,2,'사이드 선택',null,to_date('20/10/07','RR/MM/DD'));
Insert into KIOSK.STATISTICS (STATISTICSNO,STORENO,ENDPOINT,LEVELS,CHALLENGEDATE) values (764,2,'주문후 메인',null,to_date('20/10/07','RR/MM/DD'));
Insert into KIOSK.STATISTICS (STATISTICSNO,STORENO,ENDPOINT,LEVELS,CHALLENGEDATE) values (765,2,'주문후 메인',null,to_date('20/10/07','RR/MM/DD'));
Insert into KIOSK.STATISTICS (STATISTICSNO,STORENO,ENDPOINT,LEVELS,CHALLENGEDATE) values (766,2,'주문후 메인',null,to_date('20/10/07','RR/MM/DD'));
Insert into KIOSK.STATISTICS (STATISTICSNO,STORENO,ENDPOINT,LEVELS,CHALLENGEDATE) values (767,2,'장소 선택전 결제',null,to_date('20/10/07','RR/MM/DD'));
Insert into KIOSK.STATISTICS (STATISTICSNO,STORENO,ENDPOINT,LEVELS,CHALLENGEDATE) values (768,2,'주문전 메인',null,to_date('20/10/07','RR/MM/DD'));
Insert into KIOSK.STATISTICS (STATISTICSNO,STORENO,ENDPOINT,LEVELS,CHALLENGEDATE) values (769,1,'주문전 메인',null,to_date('20/10/07','RR/MM/DD'));
Insert into KIOSK.STATISTICS (STATISTICSNO,STORENO,ENDPOINT,LEVELS,CHALLENGEDATE) values (770,2,'사이드 선택',null,to_date('20/10/07','RR/MM/DD'));
Insert into KIOSK.STATISTICS (STATISTICSNO,STORENO,ENDPOINT,LEVELS,CHALLENGEDATE) values (771,2,'주문후 메인',null,to_date('20/10/07','RR/MM/DD'));
Insert into KIOSK.STATISTICS (STATISTICSNO,STORENO,ENDPOINT,LEVELS,CHALLENGEDATE) values (772,2,'장소 선택전 결제',null,to_date('20/10/07','RR/MM/DD'));
Insert into KIOSK.STATISTICS (STATISTICSNO,STORENO,ENDPOINT,LEVELS,CHALLENGEDATE) values (773,2,'주문후 메인',null,to_date('20/10/07','RR/MM/DD'));
Insert into KIOSK.STATISTICS (STATISTICSNO,STORENO,ENDPOINT,LEVELS,CHALLENGEDATE) values (774,2,'장소 선택전 결제',null,to_date('20/10/07','RR/MM/DD'));
Insert into KIOSK.STATISTICS (STATISTICSNO,STORENO,ENDPOINT,LEVELS,CHALLENGEDATE) values (775,2,'주문후 메인',null,to_date('20/10/07','RR/MM/DD'));
Insert into KIOSK.STATISTICS (STATISTICSNO,STORENO,ENDPOINT,LEVELS,CHALLENGEDATE) values (776,2,'주문후 메인',null,to_date('20/10/07','RR/MM/DD'));
Insert into KIOSK.STATISTICS (STATISTICSNO,STORENO,ENDPOINT,LEVELS,CHALLENGEDATE) values (777,2,'장소 선택전 결제',null,to_date('20/10/07','RR/MM/DD'));
Insert into KIOSK.STATISTICS (STATISTICSNO,STORENO,ENDPOINT,LEVELS,CHALLENGEDATE) values (778,2,'주문전 메인',null,to_date('20/10/07','RR/MM/DD'));
Insert into KIOSK.STATISTICS (STATISTICSNO,STORENO,ENDPOINT,LEVELS,CHALLENGEDATE) values (779,2,'장소 선택전 결제',null,to_date('20/10/07','RR/MM/DD'));
Insert into KIOSK.STATISTICS (STATISTICSNO,STORENO,ENDPOINT,LEVELS,CHALLENGEDATE) values (780,2,'주문후 메인',null,to_date('20/10/07','RR/MM/DD'));
Insert into KIOSK.STATISTICS (STATISTICSNO,STORENO,ENDPOINT,LEVELS,CHALLENGEDATE) values (781,2,'주문후 메인',null,to_date('20/10/07','RR/MM/DD'));
Insert into KIOSK.STATISTICS (STATISTICSNO,STORENO,ENDPOINT,LEVELS,CHALLENGEDATE) values (782,2,'주문후 메인',null,to_date('20/10/07','RR/MM/DD'));
Insert into KIOSK.STATISTICS (STATISTICSNO,STORENO,ENDPOINT,LEVELS,CHALLENGEDATE) values (783,2,'주문후 메인',null,to_date('20/10/07','RR/MM/DD'));
Insert into KIOSK.STATISTICS (STATISTICSNO,STORENO,ENDPOINT,LEVELS,CHALLENGEDATE) values (784,2,'장소 선택전 결제',null,to_date('20/10/07','RR/MM/DD'));
Insert into KIOSK.STATISTICS (STATISTICSNO,STORENO,ENDPOINT,LEVELS,CHALLENGEDATE) values (785,2,'장소 선택전 결제',null,to_date('20/10/07','RR/MM/DD'));
Insert into KIOSK.STATISTICS (STATISTICSNO,STORENO,ENDPOINT,LEVELS,CHALLENGEDATE) values (786,2,'주문전 메인',null,to_date('20/10/07','RR/MM/DD'));
Insert into KIOSK.STATISTICS (STATISTICSNO,STORENO,ENDPOINT,LEVELS,CHALLENGEDATE) values (787,2,'장소 선택전 결제',null,to_date('20/10/07','RR/MM/DD'));
Insert into KIOSK.STATISTICS (STATISTICSNO,STORENO,ENDPOINT,LEVELS,CHALLENGEDATE) values (788,2,'장소 선택전 결제',null,to_date('20/10/07','RR/MM/DD'));
Insert into KIOSK.STATISTICS (STATISTICSNO,STORENO,ENDPOINT,LEVELS,CHALLENGEDATE) values (789,2,'주문전 메인',null,to_date('20/10/07','RR/MM/DD'));
Insert into KIOSK.STATISTICS (STATISTICSNO,STORENO,ENDPOINT,LEVELS,CHALLENGEDATE) values (790,1,'주문전 메인',null,to_date('20/10/07','RR/MM/DD'));
Insert into KIOSK.STATISTICS (STATISTICSNO,STORENO,ENDPOINT,LEVELS,CHALLENGEDATE) values (791,2,'장소 선택전 결제',null,to_date('20/10/07','RR/MM/DD'));
Insert into KIOSK.STATISTICS (STATISTICSNO,STORENO,ENDPOINT,LEVELS,CHALLENGEDATE) values (792,1,'추천 메뉴',null,to_date('20/10/07','RR/MM/DD'));
Insert into KIOSK.STATISTICS (STATISTICSNO,STORENO,ENDPOINT,LEVELS,CHALLENGEDATE) values (793,2,'장소 선택전 결제',null,to_date('20/10/07','RR/MM/DD'));
Insert into KIOSK.STATISTICS (STATISTICSNO,STORENO,ENDPOINT,LEVELS,CHALLENGEDATE) values (794,2,'주문전 메인',null,to_date('20/10/07','RR/MM/DD'));
Insert into KIOSK.STATISTICS (STATISTICSNO,STORENO,ENDPOINT,LEVELS,CHALLENGEDATE) values (795,1,'clear',null,to_date('20/10/07','RR/MM/DD'));
Insert into KIOSK.STATISTICS (STATISTICSNO,STORENO,ENDPOINT,LEVELS,CHALLENGEDATE) values (796,2,'주문후 메인',null,to_date('20/10/07','RR/MM/DD'));
Insert into KIOSK.STATISTICS (STATISTICSNO,STORENO,ENDPOINT,LEVELS,CHALLENGEDATE) values (797,2,'주문후 메인',null,to_date('20/10/07','RR/MM/DD'));
Insert into KIOSK.STATISTICS (STATISTICSNO,STORENO,ENDPOINT,LEVELS,CHALLENGEDATE) values (798,2,'주문후 메인',null,to_date('20/10/07','RR/MM/DD'));
Insert into KIOSK.STATISTICS (STATISTICSNO,STORENO,ENDPOINT,LEVELS,CHALLENGEDATE) values (799,2,'주문후 메인',null,to_date('20/10/07','RR/MM/DD'));
Insert into KIOSK.STATISTICS (STATISTICSNO,STORENO,ENDPOINT,LEVELS,CHALLENGEDATE) values (800,2,'사이드 선택',null,to_date('20/10/07','RR/MM/DD'));
Insert into KIOSK.STATISTICS (STATISTICSNO,STORENO,ENDPOINT,LEVELS,CHALLENGEDATE) values (801,2,'주문후 메인',null,to_date('20/10/07','RR/MM/DD'));
Insert into KIOSK.STATISTICS (STATISTICSNO,STORENO,ENDPOINT,LEVELS,CHALLENGEDATE) values (802,2,'주문후 메인',null,to_date('20/10/07','RR/MM/DD'));
Insert into KIOSK.STATISTICS (STATISTICSNO,STORENO,ENDPOINT,LEVELS,CHALLENGEDATE) values (803,2,'주문후 메인',null,to_date('20/10/07','RR/MM/DD'));
Insert into KIOSK.STATISTICS (STATISTICSNO,STORENO,ENDPOINT,LEVELS,CHALLENGEDATE) values (804,2,'주문후 메인',null,to_date('20/10/07','RR/MM/DD'));
Insert into KIOSK.STATISTICS (STATISTICSNO,STORENO,ENDPOINT,LEVELS,CHALLENGEDATE) values (805,2,'주문후 메인',null,to_date('20/10/07','RR/MM/DD'));
Insert into KIOSK.STATISTICS (STATISTICSNO,STORENO,ENDPOINT,LEVELS,CHALLENGEDATE) values (806,2,'주문전 메인',null,to_date('20/10/07','RR/MM/DD'));
Insert into KIOSK.STATISTICS (STATISTICSNO,STORENO,ENDPOINT,LEVELS,CHALLENGEDATE) values (807,1,'결제',null,to_date('20/10/07','RR/MM/DD'));
Insert into KIOSK.STATISTICS (STATISTICSNO,STORENO,ENDPOINT,LEVELS,CHALLENGEDATE) values (808,1,'결제 정보 확인',null,to_date('20/10/07','RR/MM/DD'));
Insert into KIOSK.STATISTICS (STATISTICSNO,STORENO,ENDPOINT,LEVELS,CHALLENGEDATE) values (809,2,'주문후 메인',null,to_date('20/10/07','RR/MM/DD'));
Insert into KIOSK.STATISTICS (STATISTICSNO,STORENO,ENDPOINT,LEVELS,CHALLENGEDATE) values (810,2,'주문후 메인',null,to_date('20/10/07','RR/MM/DD'));
Insert into KIOSK.STATISTICS (STATISTICSNO,STORENO,ENDPOINT,LEVELS,CHALLENGEDATE) values (811,2,'주문후 메인',null,to_date('20/10/07','RR/MM/DD'));
Insert into KIOSK.STATISTICS (STATISTICSNO,STORENO,ENDPOINT,LEVELS,CHALLENGEDATE) values (812,1,'주문전 메인',null,to_date('20/10/07','RR/MM/DD'));
Insert into KIOSK.STATISTICS (STATISTICSNO,STORENO,ENDPOINT,LEVELS,CHALLENGEDATE) values (813,2,'주문후 메인',null,to_date('20/10/07','RR/MM/DD'));
Insert into KIOSK.STATISTICS (STATISTICSNO,STORENO,ENDPOINT,LEVELS,CHALLENGEDATE) values (814,1,'주문전 메인',null,to_date('20/10/07','RR/MM/DD'));
Insert into KIOSK.STATISTICS (STATISTICSNO,STORENO,ENDPOINT,LEVELS,CHALLENGEDATE) values (815,1,'주문전 메인',null,to_date('20/10/07','RR/MM/DD'));
Insert into KIOSK.STATISTICS (STATISTICSNO,STORENO,ENDPOINT,LEVELS,CHALLENGEDATE) values (816,2,'주문후 메인',null,to_date('20/10/07','RR/MM/DD'));
Insert into KIOSK.STATISTICS (STATISTICSNO,STORENO,ENDPOINT,LEVELS,CHALLENGEDATE) values (817,2,'주문후 메인',null,to_date('20/10/07','RR/MM/DD'));
Insert into KIOSK.STATISTICS (STATISTICSNO,STORENO,ENDPOINT,LEVELS,CHALLENGEDATE) values (818,2,'주문후 메인',null,to_date('20/10/07','RR/MM/DD'));
Insert into KIOSK.STATISTICS (STATISTICSNO,STORENO,ENDPOINT,LEVELS,CHALLENGEDATE) values (819,2,'주문후 메인',null,to_date('20/10/07','RR/MM/DD'));
Insert into KIOSK.STATISTICS (STATISTICSNO,STORENO,ENDPOINT,LEVELS,CHALLENGEDATE) values (820,2,'주문후 메인',null,to_date('20/10/07','RR/MM/DD'));
Insert into KIOSK.STATISTICS (STATISTICSNO,STORENO,ENDPOINT,LEVELS,CHALLENGEDATE) values (821,2,'장소 선택전 결제',null,to_date('20/10/07','RR/MM/DD'));
Insert into KIOSK.STATISTICS (STATISTICSNO,STORENO,ENDPOINT,LEVELS,CHALLENGEDATE) values (822,2,'장소 선택전 결제',null,to_date('20/10/07','RR/MM/DD'));
Insert into KIOSK.STATISTICS (STATISTICSNO,STORENO,ENDPOINT,LEVELS,CHALLENGEDATE) values (823,2,'장소 선택전 결제',null,to_date('20/10/07','RR/MM/DD'));
Insert into KIOSK.STATISTICS (STATISTICSNO,STORENO,ENDPOINT,LEVELS,CHALLENGEDATE) values (824,1,'주문전 메인',null,to_date('20/10/07','RR/MM/DD'));
Insert into KIOSK.STATISTICS (STATISTICSNO,STORENO,ENDPOINT,LEVELS,CHALLENGEDATE) values (825,1,'주문전 메인',null,to_date('20/10/07','RR/MM/DD'));
Insert into KIOSK.STATISTICS (STATISTICSNO,STORENO,ENDPOINT,LEVELS,CHALLENGEDATE) values (826,1,'주문후 메인',null,to_date('20/10/07','RR/MM/DD'));
Insert into KIOSK.STATISTICS (STATISTICSNO,STORENO,ENDPOINT,LEVELS,CHALLENGEDATE) values (827,2,'주문후 메인',null,to_date('20/10/07','RR/MM/DD'));
Insert into KIOSK.STATISTICS (STATISTICSNO,STORENO,ENDPOINT,LEVELS,CHALLENGEDATE) values (828,2,'주문후 메인',null,to_date('20/10/07','RR/MM/DD'));
Insert into KIOSK.STATISTICS (STATISTICSNO,STORENO,ENDPOINT,LEVELS,CHALLENGEDATE) values (829,1,'주문전 메인',null,to_date('20/10/07','RR/MM/DD'));
Insert into KIOSK.STATISTICS (STATISTICSNO,STORENO,ENDPOINT,LEVELS,CHALLENGEDATE) values (830,2,'주문후 메인',null,to_date('20/10/07','RR/MM/DD'));
Insert into KIOSK.STATISTICS (STATISTICSNO,STORENO,ENDPOINT,LEVELS,CHALLENGEDATE) values (831,2,'주문전 메인',null,to_date('20/10/07','RR/MM/DD'));
Insert into KIOSK.STATISTICS (STATISTICSNO,STORENO,ENDPOINT,LEVELS,CHALLENGEDATE) values (832,2,'장소 선택전 결제',null,to_date('20/10/07','RR/MM/DD'));
Insert into KIOSK.STATISTICS (STATISTICSNO,STORENO,ENDPOINT,LEVELS,CHALLENGEDATE) values (833,2,'장소 선택전 결제',null,to_date('20/10/07','RR/MM/DD'));
Insert into KIOSK.STATISTICS (STATISTICSNO,STORENO,ENDPOINT,LEVELS,CHALLENGEDATE) values (834,2,'장소 선택전 결제',null,to_date('20/10/07','RR/MM/DD'));
Insert into KIOSK.STATISTICS (STATISTICSNO,STORENO,ENDPOINT,LEVELS,CHALLENGEDATE) values (835,2,'장소 선택전 결제',null,to_date('20/10/07','RR/MM/DD'));
Insert into KIOSK.STATISTICS (STATISTICSNO,STORENO,ENDPOINT,LEVELS,CHALLENGEDATE) values (836,2,'주문전 메인',null,to_date('20/10/07','RR/MM/DD'));
Insert into KIOSK.STATISTICS (STATISTICSNO,STORENO,ENDPOINT,LEVELS,CHALLENGEDATE) values (837,2,'장소 선택전 결제',null,to_date('20/10/07','RR/MM/DD'));
Insert into KIOSK.STATISTICS (STATISTICSNO,STORENO,ENDPOINT,LEVELS,CHALLENGEDATE) values (838,2,'장소 선택전 결제',null,to_date('20/10/07','RR/MM/DD'));
Insert into KIOSK.STATISTICS (STATISTICSNO,STORENO,ENDPOINT,LEVELS,CHALLENGEDATE) values (839,2,'주문전 메인',null,to_date('20/10/07','RR/MM/DD'));
Insert into KIOSK.STATISTICS (STATISTICSNO,STORENO,ENDPOINT,LEVELS,CHALLENGEDATE) values (840,2,'장소 선택전 결제',null,to_date('20/10/07','RR/MM/DD'));
Insert into KIOSK.STATISTICS (STATISTICSNO,STORENO,ENDPOINT,LEVELS,CHALLENGEDATE) values (841,2,'주문전 메인',null,to_date('20/10/07','RR/MM/DD'));
Insert into KIOSK.STATISTICS (STATISTICSNO,STORENO,ENDPOINT,LEVELS,CHALLENGEDATE) values (842,2,'단품/세트/콤보 선택',null,to_date('20/10/07','RR/MM/DD'));
Insert into KIOSK.STATISTICS (STATISTICSNO,STORENO,ENDPOINT,LEVELS,CHALLENGEDATE) values (843,2,'장소 선택전 결제',null,to_date('20/10/07','RR/MM/DD'));
Insert into KIOSK.STATISTICS (STATISTICSNO,STORENO,ENDPOINT,LEVELS,CHALLENGEDATE) values (844,2,'장소 선택전 결제',null,to_date('20/10/07','RR/MM/DD'));
Insert into KIOSK.STATISTICS (STATISTICSNO,STORENO,ENDPOINT,LEVELS,CHALLENGEDATE) values (845,2,'주문전 메인',null,to_date('20/10/07','RR/MM/DD'));
Insert into KIOSK.STATISTICS (STATISTICSNO,STORENO,ENDPOINT,LEVELS,CHALLENGEDATE) values (846,2,'주문전 메인',null,to_date('20/10/07','RR/MM/DD'));
Insert into KIOSK.STATISTICS (STATISTICSNO,STORENO,ENDPOINT,LEVELS,CHALLENGEDATE) values (847,2,'장소 선택전 결제',null,to_date('20/10/07','RR/MM/DD'));
Insert into KIOSK.STATISTICS (STATISTICSNO,STORENO,ENDPOINT,LEVELS,CHALLENGEDATE) values (848,2,'주문전 메인',null,to_date('20/10/07','RR/MM/DD'));
Insert into KIOSK.STATISTICS (STATISTICSNO,STORENO,ENDPOINT,LEVELS,CHALLENGEDATE) values (849,2,'주문후 메인',null,to_date('20/10/07','RR/MM/DD'));
Insert into KIOSK.STATISTICS (STATISTICSNO,STORENO,ENDPOINT,LEVELS,CHALLENGEDATE) values (850,2,'장소 선택전 결제',null,to_date('20/10/07','RR/MM/DD'));
Insert into KIOSK.STATISTICS (STATISTICSNO,STORENO,ENDPOINT,LEVELS,CHALLENGEDATE) values (851,2,'장소 선택전 결제',null,to_date('20/10/07','RR/MM/DD'));
Insert into KIOSK.STATISTICS (STATISTICSNO,STORENO,ENDPOINT,LEVELS,CHALLENGEDATE) values (852,2,'장소 선택전 결제',null,to_date('20/10/07','RR/MM/DD'));
Insert into KIOSK.STATISTICS (STATISTICSNO,STORENO,ENDPOINT,LEVELS,CHALLENGEDATE) values (853,2,'주문후 메인',null,to_date('20/10/07','RR/MM/DD'));
Insert into KIOSK.STATISTICS (STATISTICSNO,STORENO,ENDPOINT,LEVELS,CHALLENGEDATE) values (854,2,'장소 선택전 결제',null,to_date('20/10/07','RR/MM/DD'));
Insert into KIOSK.STATISTICS (STATISTICSNO,STORENO,ENDPOINT,LEVELS,CHALLENGEDATE) values (855,2,'장소 선택전 결제',null,to_date('20/10/07','RR/MM/DD'));
Insert into KIOSK.STATISTICS (STATISTICSNO,STORENO,ENDPOINT,LEVELS,CHALLENGEDATE) values (856,2,'주문후 메인',null,to_date('20/10/07','RR/MM/DD'));
Insert into KIOSK.STATISTICS (STATISTICSNO,STORENO,ENDPOINT,LEVELS,CHALLENGEDATE) values (857,2,'장소 선택전 결제',null,to_date('20/10/07','RR/MM/DD'));
Insert into KIOSK.STATISTICS (STATISTICSNO,STORENO,ENDPOINT,LEVELS,CHALLENGEDATE) values (858,2,'주문전 메인',null,to_date('20/10/07','RR/MM/DD'));
Insert into KIOSK.STATISTICS (STATISTICSNO,STORENO,ENDPOINT,LEVELS,CHALLENGEDATE) values (859,2,'장소 선택전 결제',null,to_date('20/10/07','RR/MM/DD'));
Insert into KIOSK.STATISTICS (STATISTICSNO,STORENO,ENDPOINT,LEVELS,CHALLENGEDATE) values (860,2,'주문후 메인',null,to_date('20/10/07','RR/MM/DD'));
Insert into KIOSK.STATISTICS (STATISTICSNO,STORENO,ENDPOINT,LEVELS,CHALLENGEDATE) values (861,2,'주문후 메인',null,to_date('20/10/07','RR/MM/DD'));
Insert into KIOSK.STATISTICS (STATISTICSNO,STORENO,ENDPOINT,LEVELS,CHALLENGEDATE) values (862,2,'장소 선택전 결제',null,to_date('20/10/07','RR/MM/DD'));
Insert into KIOSK.STATISTICS (STATISTICSNO,STORENO,ENDPOINT,LEVELS,CHALLENGEDATE) values (863,2,'주문후 메인',null,to_date('20/10/07','RR/MM/DD'));
Insert into KIOSK.STATISTICS (STATISTICSNO,STORENO,ENDPOINT,LEVELS,CHALLENGEDATE) values (864,2,'장소 선택전 결제',null,to_date('20/10/07','RR/MM/DD'));
Insert into KIOSK.STATISTICS (STATISTICSNO,STORENO,ENDPOINT,LEVELS,CHALLENGEDATE) values (865,1,'주문전 메인',null,to_date('20/10/07','RR/MM/DD'));
Insert into KIOSK.STATISTICS (STATISTICSNO,STORENO,ENDPOINT,LEVELS,CHALLENGEDATE) values (866,2,'주문후 메인',null,to_date('20/10/07','RR/MM/DD'));
Insert into KIOSK.STATISTICS (STATISTICSNO,STORENO,ENDPOINT,LEVELS,CHALLENGEDATE) values (867,1,'주문전 메인',null,to_date('20/10/07','RR/MM/DD'));
Insert into KIOSK.STATISTICS (STATISTICSNO,STORENO,ENDPOINT,LEVELS,CHALLENGEDATE) values (868,2,'주문후 메인',null,to_date('20/10/07','RR/MM/DD'));
Insert into KIOSK.STATISTICS (STATISTICSNO,STORENO,ENDPOINT,LEVELS,CHALLENGEDATE) values (869,2,'장소 선택전 결제',null,to_date('20/10/07','RR/MM/DD'));
Insert into KIOSK.STATISTICS (STATISTICSNO,STORENO,ENDPOINT,LEVELS,CHALLENGEDATE) values (870,2,'주문후 메인',null,to_date('20/10/07','RR/MM/DD'));
Insert into KIOSK.STATISTICS (STATISTICSNO,STORENO,ENDPOINT,LEVELS,CHALLENGEDATE) values (871,2,'장소 선택전 결제',null,to_date('20/10/07','RR/MM/DD'));
Insert into KIOSK.STATISTICS (STATISTICSNO,STORENO,ENDPOINT,LEVELS,CHALLENGEDATE) values (872,2,'주문후 메인',null,to_date('20/10/07','RR/MM/DD'));
Insert into KIOSK.STATISTICS (STATISTICSNO,STORENO,ENDPOINT,LEVELS,CHALLENGEDATE) values (873,2,'주문후 메인',null,to_date('20/10/07','RR/MM/DD'));
Insert into KIOSK.STATISTICS (STATISTICSNO,STORENO,ENDPOINT,LEVELS,CHALLENGEDATE) values (874,2,'장소 선택전 결제',null,to_date('20/10/07','RR/MM/DD'));
Insert into KIOSK.STATISTICS (STATISTICSNO,STORENO,ENDPOINT,LEVELS,CHALLENGEDATE) values (875,2,'주문후 메인',null,to_date('20/10/07','RR/MM/DD'));
Insert into KIOSK.STATISTICS (STATISTICSNO,STORENO,ENDPOINT,LEVELS,CHALLENGEDATE) values (876,2,'주문후 메인',null,to_date('20/10/07','RR/MM/DD'));
Insert into KIOSK.STATISTICS (STATISTICSNO,STORENO,ENDPOINT,LEVELS,CHALLENGEDATE) values (877,2,'장소 선택전 결제',null,to_date('20/10/07','RR/MM/DD'));
Insert into KIOSK.STATISTICS (STATISTICSNO,STORENO,ENDPOINT,LEVELS,CHALLENGEDATE) values (878,2,'주문전 메인',null,to_date('20/10/07','RR/MM/DD'));
Insert into KIOSK.STATISTICS (STATISTICSNO,STORENO,ENDPOINT,LEVELS,CHALLENGEDATE) values (879,2,'주문전 메인',null,to_date('20/10/07','RR/MM/DD'));
Insert into KIOSK.STATISTICS (STATISTICSNO,STORENO,ENDPOINT,LEVELS,CHALLENGEDATE) values (880,2,'장소 선택전 결제',null,to_date('20/10/07','RR/MM/DD'));
Insert into KIOSK.STATISTICS (STATISTICSNO,STORENO,ENDPOINT,LEVELS,CHALLENGEDATE) values (881,2,'장소 선택전 결제',null,to_date('20/10/07','RR/MM/DD'));
Insert into KIOSK.STATISTICS (STATISTICSNO,STORENO,ENDPOINT,LEVELS,CHALLENGEDATE) values (882,2,'주문후 메인',null,to_date('20/10/07','RR/MM/DD'));
Insert into KIOSK.STATISTICS (STATISTICSNO,STORENO,ENDPOINT,LEVELS,CHALLENGEDATE) values (883,2,'장소 선택전 결제',null,to_date('20/10/07','RR/MM/DD'));
Insert into KIOSK.STATISTICS (STATISTICSNO,STORENO,ENDPOINT,LEVELS,CHALLENGEDATE) values (884,2,'장소 선택전 결제',null,to_date('20/10/07','RR/MM/DD'));
Insert into KIOSK.STATISTICS (STATISTICSNO,STORENO,ENDPOINT,LEVELS,CHALLENGEDATE) values (885,2,'장소 선택전 결제',null,to_date('20/10/07','RR/MM/DD'));
Insert into KIOSK.STATISTICS (STATISTICSNO,STORENO,ENDPOINT,LEVELS,CHALLENGEDATE) values (886,2,'주문후 메인',null,to_date('20/10/07','RR/MM/DD'));
Insert into KIOSK.STATISTICS (STATISTICSNO,STORENO,ENDPOINT,LEVELS,CHALLENGEDATE) values (887,2,'장소 선택전 결제',null,to_date('20/10/07','RR/MM/DD'));
Insert into KIOSK.STATISTICS (STATISTICSNO,STORENO,ENDPOINT,LEVELS,CHALLENGEDATE) values (888,2,'주문후 메인',null,to_date('20/10/07','RR/MM/DD'));
Insert into KIOSK.STATISTICS (STATISTICSNO,STORENO,ENDPOINT,LEVELS,CHALLENGEDATE) values (889,2,'장소 선택전 결제',null,to_date('20/10/07','RR/MM/DD'));
Insert into KIOSK.STATISTICS (STATISTICSNO,STORENO,ENDPOINT,LEVELS,CHALLENGEDATE) values (890,2,'장소 선택전 결제',null,to_date('20/10/07','RR/MM/DD'));
Insert into KIOSK.STATISTICS (STATISTICSNO,STORENO,ENDPOINT,LEVELS,CHALLENGEDATE) values (891,2,'주문전 메인',null,to_date('20/10/07','RR/MM/DD'));
Insert into KIOSK.STATISTICS (STATISTICSNO,STORENO,ENDPOINT,LEVELS,CHALLENGEDATE) values (892,2,'단품/세트/콤보 선택',null,to_date('20/10/07','RR/MM/DD'));
Insert into KIOSK.STATISTICS (STATISTICSNO,STORENO,ENDPOINT,LEVELS,CHALLENGEDATE) values (893,2,'주문후 메인',null,to_date('20/10/07','RR/MM/DD'));
Insert into KIOSK.STATISTICS (STATISTICSNO,STORENO,ENDPOINT,LEVELS,CHALLENGEDATE) values (894,2,'장소 선택전 결제',null,to_date('20/10/07','RR/MM/DD'));
Insert into KIOSK.STATISTICS (STATISTICSNO,STORENO,ENDPOINT,LEVELS,CHALLENGEDATE) values (895,2,'장소 선택후 결제',null,to_date('20/10/07','RR/MM/DD'));
Insert into KIOSK.STATISTICS (STATISTICSNO,STORENO,ENDPOINT,LEVELS,CHALLENGEDATE) values (896,2,'장소 선택전 결제',null,to_date('20/10/07','RR/MM/DD'));
Insert into KIOSK.STATISTICS (STATISTICSNO,STORENO,ENDPOINT,LEVELS,CHALLENGEDATE) values (897,1,'주문전 메인',null,to_date('20/10/07','RR/MM/DD'));
Insert into KIOSK.STATISTICS (STATISTICSNO,STORENO,ENDPOINT,LEVELS,CHALLENGEDATE) values (898,1,'주문후 메인',null,to_date('20/10/07','RR/MM/DD'));
Insert into KIOSK.STATISTICS (STATISTICSNO,STORENO,ENDPOINT,LEVELS,CHALLENGEDATE) values (899,2,'주문전 메인',null,to_date('20/10/07','RR/MM/DD'));
Insert into KIOSK.STATISTICS (STATISTICSNO,STORENO,ENDPOINT,LEVELS,CHALLENGEDATE) values (900,2,'주문전 메인',null,to_date('20/10/07','RR/MM/DD'));
Insert into KIOSK.STATISTICS (STATISTICSNO,STORENO,ENDPOINT,LEVELS,CHALLENGEDATE) values (901,2,'주문전 메인',null,to_date('20/10/07','RR/MM/DD'));
Insert into KIOSK.STATISTICS (STATISTICSNO,STORENO,ENDPOINT,LEVELS,CHALLENGEDATE) values (902,2,'주문전 메인',null,to_date('20/10/07','RR/MM/DD'));
Insert into KIOSK.STATISTICS (STATISTICSNO,STORENO,ENDPOINT,LEVELS,CHALLENGEDATE) values (903,2,'주문전 메인',null,to_date('20/10/07','RR/MM/DD'));
Insert into KIOSK.STATISTICS (STATISTICSNO,STORENO,ENDPOINT,LEVELS,CHALLENGEDATE) values (904,2,'장소 선택후 결제',null,to_date('20/10/07','RR/MM/DD'));
Insert into KIOSK.STATISTICS (STATISTICSNO,STORENO,ENDPOINT,LEVELS,CHALLENGEDATE) values (905,2,'장소 선택전 결제',null,to_date('20/10/07','RR/MM/DD'));
Insert into KIOSK.STATISTICS (STATISTICSNO,STORENO,ENDPOINT,LEVELS,CHALLENGEDATE) values (906,1,'주문전 메인',null,to_date('20/10/07','RR/MM/DD'));
Insert into KIOSK.STATISTICS (STATISTICSNO,STORENO,ENDPOINT,LEVELS,CHALLENGEDATE) values (907,2,'장소 선택전 결제',null,to_date('20/10/07','RR/MM/DD'));
Insert into KIOSK.STATISTICS (STATISTICSNO,STORENO,ENDPOINT,LEVELS,CHALLENGEDATE) values (908,1,'사이드 변경',null,to_date('20/10/07','RR/MM/DD'));
Insert into KIOSK.STATISTICS (STATISTICSNO,STORENO,ENDPOINT,LEVELS,CHALLENGEDATE) values (909,1,'주문전 메인',null,to_date('20/10/07','RR/MM/DD'));
Insert into KIOSK.STATISTICS (STATISTICSNO,STORENO,ENDPOINT,LEVELS,CHALLENGEDATE) values (910,1,'사이드 변경',null,to_date('20/10/07','RR/MM/DD'));
Insert into KIOSK.STATISTICS (STATISTICSNO,STORENO,ENDPOINT,LEVELS,CHALLENGEDATE) values (911,1,'주문전 메인',null,to_date('20/10/07','RR/MM/DD'));
Insert into KIOSK.STATISTICS (STATISTICSNO,STORENO,ENDPOINT,LEVELS,CHALLENGEDATE) values (912,1,'주문전 메인',null,to_date('20/10/07','RR/MM/DD'));
Insert into KIOSK.STATISTICS (STATISTICSNO,STORENO,ENDPOINT,LEVELS,CHALLENGEDATE) values (913,1,'주문후 메인',null,to_date('20/10/07','RR/MM/DD'));
Insert into KIOSK.STATISTICS (STATISTICSNO,STORENO,ENDPOINT,LEVELS,CHALLENGEDATE) values (914,1,'주문전 메인',null,to_date('20/10/07','RR/MM/DD'));
Insert into KIOSK.STATISTICS (STATISTICSNO,STORENO,ENDPOINT,LEVELS,CHALLENGEDATE) values (915,1,'주문전 메인',null,to_date('20/10/07','RR/MM/DD'));
Insert into KIOSK.STATISTICS (STATISTICSNO,STORENO,ENDPOINT,LEVELS,CHALLENGEDATE) values (916,1,'주문전 메인',null,to_date('20/10/07','RR/MM/DD'));
Insert into KIOSK.STATISTICS (STATISTICSNO,STORENO,ENDPOINT,LEVELS,CHALLENGEDATE) values (917,1,'주문후 메인',null,to_date('20/10/07','RR/MM/DD'));
Insert into KIOSK.STATISTICS (STATISTICSNO,STORENO,ENDPOINT,LEVELS,CHALLENGEDATE) values (918,1,'주문후 메인',null,to_date('20/10/07','RR/MM/DD'));
Insert into KIOSK.STATISTICS (STATISTICSNO,STORENO,ENDPOINT,LEVELS,CHALLENGEDATE) values (919,1,'주문전 메인',null,to_date('20/10/07','RR/MM/DD'));
Insert into KIOSK.STATISTICS (STATISTICSNO,STORENO,ENDPOINT,LEVELS,CHALLENGEDATE) values (920,2,'주문전 메인',null,to_date('20/10/07','RR/MM/DD'));
Insert into KIOSK.STATISTICS (STATISTICSNO,STORENO,ENDPOINT,LEVELS,CHALLENGEDATE) values (921,2,'장소 선택후 결제',null,to_date('20/10/07','RR/MM/DD'));
Insert into KIOSK.STATISTICS (STATISTICSNO,STORENO,ENDPOINT,LEVELS,CHALLENGEDATE) values (922,2,'장소 선택전 결제',null,to_date('20/10/07','RR/MM/DD'));
Insert into KIOSK.STATISTICS (STATISTICSNO,STORENO,ENDPOINT,LEVELS,CHALLENGEDATE) values (923,1,'주문전 메인',null,to_date('20/10/07','RR/MM/DD'));
Insert into KIOSK.STATISTICS (STATISTICSNO,STORENO,ENDPOINT,LEVELS,CHALLENGEDATE) values (924,2,'광고',null,to_date('20/10/07','RR/MM/DD'));
Insert into KIOSK.STATISTICS (STATISTICSNO,STORENO,ENDPOINT,LEVELS,CHALLENGEDATE) values (925,1,'주문후 메인',null,to_date('20/10/07','RR/MM/DD'));
Insert into KIOSK.STATISTICS (STATISTICSNO,STORENO,ENDPOINT,LEVELS,CHALLENGEDATE) values (926,1,'주문전 메인',null,to_date('20/10/07','RR/MM/DD'));
Insert into KIOSK.STATISTICS (STATISTICSNO,STORENO,ENDPOINT,LEVELS,CHALLENGEDATE) values (927,1,'주문전 메인',null,to_date('20/10/07','RR/MM/DD'));
Insert into KIOSK.STATISTICS (STATISTICSNO,STORENO,ENDPOINT,LEVELS,CHALLENGEDATE) values (928,1,'주문전 메인',null,to_date('20/10/07','RR/MM/DD'));
Insert into KIOSK.STATISTICS (STATISTICSNO,STORENO,ENDPOINT,LEVELS,CHALLENGEDATE) values (929,1,'주문후 메인',null,to_date('20/10/07','RR/MM/DD'));
Insert into KIOSK.STATISTICS (STATISTICSNO,STORENO,ENDPOINT,LEVELS,CHALLENGEDATE) values (930,1,'주문전 메인',null,to_date('20/10/07','RR/MM/DD'));
Insert into KIOSK.STATISTICS (STATISTICSNO,STORENO,ENDPOINT,LEVELS,CHALLENGEDATE) values (931,1,'주문후 메인',null,to_date('20/10/07','RR/MM/DD'));
Insert into KIOSK.STATISTICS (STATISTICSNO,STORENO,ENDPOINT,LEVELS,CHALLENGEDATE) values (932,1,'주문전 메인',null,to_date('20/10/07','RR/MM/DD'));
Insert into KIOSK.STATISTICS (STATISTICSNO,STORENO,ENDPOINT,LEVELS,CHALLENGEDATE) values (933,1,'주문전 메인',null,to_date('20/10/07','RR/MM/DD'));
Insert into KIOSK.STATISTICS (STATISTICSNO,STORENO,ENDPOINT,LEVELS,CHALLENGEDATE) values (934,1,'추천 메뉴',null,to_date('20/10/07','RR/MM/DD'));
Insert into KIOSK.STATISTICS (STATISTICSNO,STORENO,ENDPOINT,LEVELS,CHALLENGEDATE) values (935,1,'주문전 메인',null,to_date('20/10/07','RR/MM/DD'));
Insert into KIOSK.STATISTICS (STATISTICSNO,STORENO,ENDPOINT,LEVELS,CHALLENGEDATE) values (936,1,'추천 메뉴',null,to_date('20/10/07','RR/MM/DD'));
Insert into KIOSK.STATISTICS (STATISTICSNO,STORENO,ENDPOINT,LEVELS,CHALLENGEDATE) values (937,1,'주문전 메인',null,to_date('20/10/07','RR/MM/DD'));
Insert into KIOSK.STATISTICS (STATISTICSNO,STORENO,ENDPOINT,LEVELS,CHALLENGEDATE) values (938,1,'주문후 메인',null,to_date('20/10/07','RR/MM/DD'));
Insert into KIOSK.STATISTICS (STATISTICSNO,STORENO,ENDPOINT,LEVELS,CHALLENGEDATE) values (939,1,'주문후 메인',null,to_date('20/10/07','RR/MM/DD'));
Insert into KIOSK.STATISTICS (STATISTICSNO,STORENO,ENDPOINT,LEVELS,CHALLENGEDATE) values (940,1,'주문전 메인',null,to_date('20/10/07','RR/MM/DD'));
Insert into KIOSK.STATISTICS (STATISTICSNO,STORENO,ENDPOINT,LEVELS,CHALLENGEDATE) values (941,1,'주문전 메인',null,to_date('20/10/07','RR/MM/DD'));
Insert into KIOSK.STATISTICS (STATISTICSNO,STORENO,ENDPOINT,LEVELS,CHALLENGEDATE) values (942,1,'주문전 메인',null,to_date('20/10/07','RR/MM/DD'));
Insert into KIOSK.STATISTICS (STATISTICSNO,STORENO,ENDPOINT,LEVELS,CHALLENGEDATE) values (943,1,'주문전 메인',null,to_date('20/10/07','RR/MM/DD'));
Insert into KIOSK.STATISTICS (STATISTICSNO,STORENO,ENDPOINT,LEVELS,CHALLENGEDATE) values (944,1,'주문전 메인',null,to_date('20/10/07','RR/MM/DD'));
Insert into KIOSK.STATISTICS (STATISTICSNO,STORENO,ENDPOINT,LEVELS,CHALLENGEDATE) values (945,1,'주문전 메인',null,to_date('20/10/07','RR/MM/DD'));
Insert into KIOSK.STATISTICS (STATISTICSNO,STORENO,ENDPOINT,LEVELS,CHALLENGEDATE) values (946,1,'주문후 메인',null,to_date('20/10/07','RR/MM/DD'));
Insert into KIOSK.STATISTICS (STATISTICSNO,STORENO,ENDPOINT,LEVELS,CHALLENGEDATE) values (947,1,'주문전 메인',null,to_date('20/10/07','RR/MM/DD'));
Insert into KIOSK.STATISTICS (STATISTICSNO,STORENO,ENDPOINT,LEVELS,CHALLENGEDATE) values (948,1,'주문전 메인',null,to_date('20/10/07','RR/MM/DD'));
Insert into KIOSK.STATISTICS (STATISTICSNO,STORENO,ENDPOINT,LEVELS,CHALLENGEDATE) values (949,1,'주문전 메인',null,to_date('20/10/07','RR/MM/DD'));
Insert into KIOSK.STATISTICS (STATISTICSNO,STORENO,ENDPOINT,LEVELS,CHALLENGEDATE) values (950,1,'주문전 메인',null,to_date('20/10/07','RR/MM/DD'));
Insert into KIOSK.STATISTICS (STATISTICSNO,STORENO,ENDPOINT,LEVELS,CHALLENGEDATE) values (951,1,'주문전 메인',null,to_date('20/10/07','RR/MM/DD'));
Insert into KIOSK.STATISTICS (STATISTICSNO,STORENO,ENDPOINT,LEVELS,CHALLENGEDATE) values (952,1,'주문전 메인',null,to_date('20/10/07','RR/MM/DD'));
Insert into KIOSK.STATISTICS (STATISTICSNO,STORENO,ENDPOINT,LEVELS,CHALLENGEDATE) values (953,1,'주문후 메인',null,to_date('20/10/07','RR/MM/DD'));
Insert into KIOSK.STATISTICS (STATISTICSNO,STORENO,ENDPOINT,LEVELS,CHALLENGEDATE) values (954,1,'주문전 메인',null,to_date('20/10/07','RR/MM/DD'));
Insert into KIOSK.STATISTICS (STATISTICSNO,STORENO,ENDPOINT,LEVELS,CHALLENGEDATE) values (955,1,'주문전 메인',null,to_date('20/10/07','RR/MM/DD'));
Insert into KIOSK.STATISTICS (STATISTICSNO,STORENO,ENDPOINT,LEVELS,CHALLENGEDATE) values (956,1,'주문전 메인',null,to_date('20/10/07','RR/MM/DD'));
Insert into KIOSK.STATISTICS (STATISTICSNO,STORENO,ENDPOINT,LEVELS,CHALLENGEDATE) values (957,1,'사이드 변경',null,to_date('20/10/07','RR/MM/DD'));
Insert into KIOSK.STATISTICS (STATISTICSNO,STORENO,ENDPOINT,LEVELS,CHALLENGEDATE) values (958,1,'사이드 변경',null,to_date('20/10/07','RR/MM/DD'));
Insert into KIOSK.STATISTICS (STATISTICSNO,STORENO,ENDPOINT,LEVELS,CHALLENGEDATE) values (959,1,'사이드 변경',null,to_date('20/10/07','RR/MM/DD'));
Insert into KIOSK.STATISTICS (STATISTICSNO,STORENO,ENDPOINT,LEVELS,CHALLENGEDATE) values (960,1,'주문후 메인',null,to_date('20/10/07','RR/MM/DD'));
Insert into KIOSK.STATISTICS (STATISTICSNO,STORENO,ENDPOINT,LEVELS,CHALLENGEDATE) values (961,1,'주문전 메인',null,to_date('20/10/07','RR/MM/DD'));
Insert into KIOSK.STATISTICS (STATISTICSNO,STORENO,ENDPOINT,LEVELS,CHALLENGEDATE) values (962,1,'사이드 변경',null,to_date('20/10/07','RR/MM/DD'));
Insert into KIOSK.STATISTICS (STATISTICSNO,STORENO,ENDPOINT,LEVELS,CHALLENGEDATE) values (963,1,'사이드 변경',null,to_date('20/10/07','RR/MM/DD'));
Insert into KIOSK.STATISTICS (STATISTICSNO,STORENO,ENDPOINT,LEVELS,CHALLENGEDATE) values (964,1,'clear',null,to_date('20/10/07','RR/MM/DD'));
Insert into KIOSK.STATISTICS (STATISTICSNO,STORENO,ENDPOINT,LEVELS,CHALLENGEDATE) values (965,1,'clear','쉬움',to_date('20/10/07','RR/MM/DD'));
Insert into KIOSK.STATISTICS (STATISTICSNO,STORENO,ENDPOINT,LEVELS,CHALLENGEDATE) values (966,1,'세트 선택',null,to_date('20/10/07','RR/MM/DD'));
Insert into KIOSK.STATISTICS (STATISTICSNO,STORENO,ENDPOINT,LEVELS,CHALLENGEDATE) values (967,1,'clear',null,to_date('20/10/07','RR/MM/DD'));
Insert into KIOSK.STATISTICS (STATISTICSNO,STORENO,ENDPOINT,LEVELS,CHALLENGEDATE) values (968,1,'clear','쉬움',to_date('20/10/07','RR/MM/DD'));
Insert into KIOSK.STATISTICS (STATISTICSNO,STORENO,ENDPOINT,LEVELS,CHALLENGEDATE) values (969,1,'clear',null,to_date('20/10/07','RR/MM/DD'));
Insert into KIOSK.STATISTICS (STATISTICSNO,STORENO,ENDPOINT,LEVELS,CHALLENGEDATE) values (970,1,'clear','어려움',to_date('20/10/07','RR/MM/DD'));
Insert into KIOSK.STATISTICS (STATISTICSNO,STORENO,ENDPOINT,LEVELS,CHALLENGEDATE) values (971,1,'clear',null,to_date('20/10/07','RR/MM/DD'));
Insert into KIOSK.STATISTICS (STATISTICSNO,STORENO,ENDPOINT,LEVELS,CHALLENGEDATE) values (972,1,'clear','어려움',to_date('20/10/07','RR/MM/DD'));
Insert into KIOSK.STATISTICS (STATISTICSNO,STORENO,ENDPOINT,LEVELS,CHALLENGEDATE) values (973,1,'clear',null,to_date('20/10/07','RR/MM/DD'));
Insert into KIOSK.STATISTICS (STATISTICSNO,STORENO,ENDPOINT,LEVELS,CHALLENGEDATE) values (974,1,'clear','어려움',to_date('20/10/07','RR/MM/DD'));
Insert into KIOSK.STATISTICS (STATISTICSNO,STORENO,ENDPOINT,LEVELS,CHALLENGEDATE) values (975,1,'주문후 메인',null,to_date('20/10/08','RR/MM/DD'));
Insert into KIOSK.STATISTICS (STATISTICSNO,STORENO,ENDPOINT,LEVELS,CHALLENGEDATE) values (976,1,'clear',null,to_date('20/10/08','RR/MM/DD'));
Insert into KIOSK.STATISTICS (STATISTICSNO,STORENO,ENDPOINT,LEVELS,CHALLENGEDATE) values (977,1,'clear','어려움',to_date('20/10/08','RR/MM/DD'));
Insert into KIOSK.STATISTICS (STATISTICSNO,STORENO,ENDPOINT,LEVELS,CHALLENGEDATE) values (978,1,'주문전 메인',null,to_date('20/10/08','RR/MM/DD'));
Insert into KIOSK.STATISTICS (STATISTICSNO,STORENO,ENDPOINT,LEVELS,CHALLENGEDATE) values (979,1,'세트 선택',null,to_date('20/10/08','RR/MM/DD'));
Insert into KIOSK.STATISTICS (STATISTICSNO,STORENO,ENDPOINT,LEVELS,CHALLENGEDATE) values (980,1,'주문후 메인',null,to_date('20/10/08','RR/MM/DD'));
Insert into KIOSK.STATISTICS (STATISTICSNO,STORENO,ENDPOINT,LEVELS,CHALLENGEDATE) values (981,1,'주문전 메인',null,to_date('20/10/08','RR/MM/DD'));
Insert into KIOSK.STATISTICS (STATISTICSNO,STORENO,ENDPOINT,LEVELS,CHALLENGEDATE) values (982,1,'주문전 메인',null,to_date('20/10/08','RR/MM/DD'));
Insert into KIOSK.STATISTICS (STATISTICSNO,STORENO,ENDPOINT,LEVELS,CHALLENGEDATE) values (983,1,'clear',null,to_date('20/10/08','RR/MM/DD'));
Insert into KIOSK.STATISTICS (STATISTICSNO,STORENO,ENDPOINT,LEVELS,CHALLENGEDATE) values (984,1,'clear','어려움',to_date('20/10/08','RR/MM/DD'));
Insert into KIOSK.STATISTICS (STATISTICSNO,STORENO,ENDPOINT,LEVELS,CHALLENGEDATE) values (985,1,'사이드 변경',null,to_date('20/10/08','RR/MM/DD'));
Insert into KIOSK.STATISTICS (STATISTICSNO,STORENO,ENDPOINT,LEVELS,CHALLENGEDATE) values (986,1,'주문후 메인',null,to_date('20/10/08','RR/MM/DD'));
Insert into KIOSK.STATISTICS (STATISTICSNO,STORENO,ENDPOINT,LEVELS,CHALLENGEDATE) values (987,1,'추천 메뉴',null,to_date('20/10/08','RR/MM/DD'));
Insert into KIOSK.STATISTICS (STATISTICSNO,STORENO,ENDPOINT,LEVELS,CHALLENGEDATE) values (988,1,'주문전 메인',null,to_date('20/10/08','RR/MM/DD'));
Insert into KIOSK.STATISTICS (STATISTICSNO,STORENO,ENDPOINT,LEVELS,CHALLENGEDATE) values (989,1,'주문전 메인',null,to_date('20/10/08','RR/MM/DD'));
Insert into KIOSK.STATISTICS (STATISTICSNO,STORENO,ENDPOINT,LEVELS,CHALLENGEDATE) values (990,1,'주문후 메인',null,to_date('20/10/08','RR/MM/DD'));
Insert into KIOSK.STATISTICS (STATISTICSNO,STORENO,ENDPOINT,LEVELS,CHALLENGEDATE) values (991,1,'clear',null,to_date('20/10/08','RR/MM/DD'));
Insert into KIOSK.STATISTICS (STATISTICSNO,STORENO,ENDPOINT,LEVELS,CHALLENGEDATE) values (992,1,'clear','쉬움',to_date('20/10/08','RR/MM/DD'));
Insert into KIOSK.STATISTICS (STATISTICSNO,STORENO,ENDPOINT,LEVELS,CHALLENGEDATE) values (993,1,'결제',null,to_date('20/10/08','RR/MM/DD'));
Insert into KIOSK.STATISTICS (STATISTICSNO,STORENO,ENDPOINT,LEVELS,CHALLENGEDATE) values (994,1,'결제 정보 확인',null,to_date('20/10/08','RR/MM/DD'));
Insert into KIOSK.STATISTICS (STATISTICSNO,STORENO,ENDPOINT,LEVELS,CHALLENGEDATE) values (995,1,'결제 방법 선택',null,to_date('20/10/08','RR/MM/DD'));
Insert into KIOSK.STATISTICS (STATISTICSNO,STORENO,ENDPOINT,LEVELS,CHALLENGEDATE) values (996,1,'주문전 메인',null,to_date('20/10/08','RR/MM/DD'));
Insert into KIOSK.STATISTICS (STATISTICSNO,STORENO,ENDPOINT,LEVELS,CHALLENGEDATE) values (997,1,'주문전 메인',null,to_date('20/10/08','RR/MM/DD'));
Insert into KIOSK.STATISTICS (STATISTICSNO,STORENO,ENDPOINT,LEVELS,CHALLENGEDATE) values (998,1,'주문전 메인',null,to_date('20/10/08','RR/MM/DD'));
Insert into KIOSK.STATISTICS (STATISTICSNO,STORENO,ENDPOINT,LEVELS,CHALLENGEDATE) values (999,1,'주문전 메인',null,to_date('20/10/08','RR/MM/DD'));
Insert into KIOSK.STATISTICS (STATISTICSNO,STORENO,ENDPOINT,LEVELS,CHALLENGEDATE) values (1000,2,'주문전 메인',null,to_date('20/10/08','RR/MM/DD'));
Insert into KIOSK.STATISTICS (STATISTICSNO,STORENO,ENDPOINT,LEVELS,CHALLENGEDATE) values (1001,2,'주문전 메인',null,to_date('20/10/08','RR/MM/DD'));
Insert into KIOSK.STATISTICS (STATISTICSNO,STORENO,ENDPOINT,LEVELS,CHALLENGEDATE) values (1002,2,'주문전 메인',null,to_date('20/10/08','RR/MM/DD'));
Insert into KIOSK.STATISTICS (STATISTICSNO,STORENO,ENDPOINT,LEVELS,CHALLENGEDATE) values (1003,1,'주문전 메인',null,to_date('20/10/08','RR/MM/DD'));
Insert into KIOSK.STATISTICS (STATISTICSNO,STORENO,ENDPOINT,LEVELS,CHALLENGEDATE) values (1004,2,'주문전 메인',null,to_date('20/10/08','RR/MM/DD'));
Insert into KIOSK.STATISTICS (STATISTICSNO,STORENO,ENDPOINT,LEVELS,CHALLENGEDATE) values (1005,1,'주문전 메인',null,to_date('20/10/08','RR/MM/DD'));
Insert into KIOSK.STATISTICS (STATISTICSNO,STORENO,ENDPOINT,LEVELS,CHALLENGEDATE) values (1006,1,'사이드 변경',null,to_date('20/10/08','RR/MM/DD'));
Insert into KIOSK.STATISTICS (STATISTICSNO,STORENO,ENDPOINT,LEVELS,CHALLENGEDATE) values (1007,1,'사이드 변경',null,to_date('20/10/08','RR/MM/DD'));
Insert into KIOSK.STATISTICS (STATISTICSNO,STORENO,ENDPOINT,LEVELS,CHALLENGEDATE) values (1008,1,'주문후 메인',null,to_date('20/10/08','RR/MM/DD'));
Insert into KIOSK.STATISTICS (STATISTICSNO,STORENO,ENDPOINT,LEVELS,CHALLENGEDATE) values (1009,1,'주문전 메인',null,to_date('20/10/08','RR/MM/DD'));
Insert into KIOSK.STATISTICS (STATISTICSNO,STORENO,ENDPOINT,LEVELS,CHALLENGEDATE) values (1010,1,'사이드 변경',null,to_date('20/10/08','RR/MM/DD'));
Insert into KIOSK.STATISTICS (STATISTICSNO,STORENO,ENDPOINT,LEVELS,CHALLENGEDATE) values (1011,1,'주문전 메인',null,to_date('20/10/08','RR/MM/DD'));
Insert into KIOSK.STATISTICS (STATISTICSNO,STORENO,ENDPOINT,LEVELS,CHALLENGEDATE) values (1012,1,'주문전 메인',null,to_date('20/10/08','RR/MM/DD'));
Insert into KIOSK.STATISTICS (STATISTICSNO,STORENO,ENDPOINT,LEVELS,CHALLENGEDATE) values (1013,1,'주문전 메인',null,to_date('20/10/08','RR/MM/DD'));
Insert into KIOSK.STATISTICS (STATISTICSNO,STORENO,ENDPOINT,LEVELS,CHALLENGEDATE) values (1014,1,'주문전 메인',null,to_date('20/10/08','RR/MM/DD'));
Insert into KIOSK.STATISTICS (STATISTICSNO,STORENO,ENDPOINT,LEVELS,CHALLENGEDATE) values (1015,1,'사이드 변경',null,to_date('20/10/08','RR/MM/DD'));
Insert into KIOSK.STATISTICS (STATISTICSNO,STORENO,ENDPOINT,LEVELS,CHALLENGEDATE) values (1016,1,'사이드 변경',null,to_date('20/10/08','RR/MM/DD'));
Insert into KIOSK.STATISTICS (STATISTICSNO,STORENO,ENDPOINT,LEVELS,CHALLENGEDATE) values (1017,1,'주문전 메인',null,to_date('20/10/08','RR/MM/DD'));
Insert into KIOSK.STATISTICS (STATISTICSNO,STORENO,ENDPOINT,LEVELS,CHALLENGEDATE) values (1018,1,'사이드 변경',null,to_date('20/10/08','RR/MM/DD'));
Insert into KIOSK.STATISTICS (STATISTICSNO,STORENO,ENDPOINT,LEVELS,CHALLENGEDATE) values (1019,1,'주문전 메인',null,to_date('20/10/08','RR/MM/DD'));
Insert into KIOSK.STATISTICS (STATISTICSNO,STORENO,ENDPOINT,LEVELS,CHALLENGEDATE) values (1020,1,'주문전 메인',null,to_date('20/10/08','RR/MM/DD'));
Insert into KIOSK.STATISTICS (STATISTICSNO,STORENO,ENDPOINT,LEVELS,CHALLENGEDATE) values (1021,1,'주문전 메인',null,to_date('20/10/08','RR/MM/DD'));
Insert into KIOSK.STATISTICS (STATISTICSNO,STORENO,ENDPOINT,LEVELS,CHALLENGEDATE) values (1022,1,'주문전 메인',null,to_date('20/10/08','RR/MM/DD'));
Insert into KIOSK.STATISTICS (STATISTICSNO,STORENO,ENDPOINT,LEVELS,CHALLENGEDATE) values (1023,1,'주문전 메인',null,to_date('20/10/08','RR/MM/DD'));
Insert into KIOSK.STATISTICS (STATISTICSNO,STORENO,ENDPOINT,LEVELS,CHALLENGEDATE) values (1024,1,'주문전 메인',null,to_date('20/10/08','RR/MM/DD'));
Insert into KIOSK.STATISTICS (STATISTICSNO,STORENO,ENDPOINT,LEVELS,CHALLENGEDATE) values (1025,1,'사이드 변경',null,to_date('20/10/08','RR/MM/DD'));
Insert into KIOSK.STATISTICS (STATISTICSNO,STORENO,ENDPOINT,LEVELS,CHALLENGEDATE) values (1026,1,'세트 선택',null,to_date('20/10/08','RR/MM/DD'));
Insert into KIOSK.STATISTICS (STATISTICSNO,STORENO,ENDPOINT,LEVELS,CHALLENGEDATE) values (1027,1,'주문전 메인',null,to_date('20/10/08','RR/MM/DD'));
Insert into KIOSK.STATISTICS (STATISTICSNO,STORENO,ENDPOINT,LEVELS,CHALLENGEDATE) values (1028,1,'주문전 메인',null,to_date('20/10/08','RR/MM/DD'));
Insert into KIOSK.STATISTICS (STATISTICSNO,STORENO,ENDPOINT,LEVELS,CHALLENGEDATE) values (1029,1,'사이드 변경',null,to_date('20/10/08','RR/MM/DD'));
Insert into KIOSK.STATISTICS (STATISTICSNO,STORENO,ENDPOINT,LEVELS,CHALLENGEDATE) values (1030,1,'주문전 메인',null,to_date('20/10/08','RR/MM/DD'));
Insert into KIOSK.STATISTICS (STATISTICSNO,STORENO,ENDPOINT,LEVELS,CHALLENGEDATE) values (1031,1,'주문전 메인',null,to_date('20/10/08','RR/MM/DD'));
Insert into KIOSK.STATISTICS (STATISTICSNO,STORENO,ENDPOINT,LEVELS,CHALLENGEDATE) values (1032,1,'주문전 메인',null,to_date('20/10/08','RR/MM/DD'));
Insert into KIOSK.STATISTICS (STATISTICSNO,STORENO,ENDPOINT,LEVELS,CHALLENGEDATE) values (1033,1,'주문전 메인',null,to_date('20/10/08','RR/MM/DD'));
Insert into KIOSK.STATISTICS (STATISTICSNO,STORENO,ENDPOINT,LEVELS,CHALLENGEDATE) values (1034,1,'주문전 메인',null,to_date('20/10/08','RR/MM/DD'));
Insert into KIOSK.STATISTICS (STATISTICSNO,STORENO,ENDPOINT,LEVELS,CHALLENGEDATE) values (1035,1,'주문전 메인',null,to_date('20/10/08','RR/MM/DD'));
Insert into KIOSK.STATISTICS (STATISTICSNO,STORENO,ENDPOINT,LEVELS,CHALLENGEDATE) values (1036,1,'사이드 변경',null,to_date('20/10/08','RR/MM/DD'));
Insert into KIOSK.STATISTICS (STATISTICSNO,STORENO,ENDPOINT,LEVELS,CHALLENGEDATE) values (1037,1,'주문전 메인',null,to_date('20/10/08','RR/MM/DD'));
Insert into KIOSK.STATISTICS (STATISTICSNO,STORENO,ENDPOINT,LEVELS,CHALLENGEDATE) values (1038,1,'주문전 메인',null,to_date('20/10/08','RR/MM/DD'));
Insert into KIOSK.STATISTICS (STATISTICSNO,STORENO,ENDPOINT,LEVELS,CHALLENGEDATE) values (1039,1,'주문전 메인',null,to_date('20/10/08','RR/MM/DD'));
Insert into KIOSK.STATISTICS (STATISTICSNO,STORENO,ENDPOINT,LEVELS,CHALLENGEDATE) values (1040,1,'주문전 메인',null,to_date('20/10/08','RR/MM/DD'));
Insert into KIOSK.STATISTICS (STATISTICSNO,STORENO,ENDPOINT,LEVELS,CHALLENGEDATE) values (1041,1,'주문전 메인',null,to_date('20/10/08','RR/MM/DD'));
Insert into KIOSK.STATISTICS (STATISTICSNO,STORENO,ENDPOINT,LEVELS,CHALLENGEDATE) values (1042,1,'주문전 메인',null,to_date('20/10/08','RR/MM/DD'));
Insert into KIOSK.STATISTICS (STATISTICSNO,STORENO,ENDPOINT,LEVELS,CHALLENGEDATE) values (1043,1,'주문전 메인',null,to_date('20/10/08','RR/MM/DD'));
Insert into KIOSK.STATISTICS (STATISTICSNO,STORENO,ENDPOINT,LEVELS,CHALLENGEDATE) values (1044,1,'사이드 변경',null,to_date('20/10/08','RR/MM/DD'));
Insert into KIOSK.STATISTICS (STATISTICSNO,STORENO,ENDPOINT,LEVELS,CHALLENGEDATE) values (1045,1,'사이드 변경',null,to_date('20/10/08','RR/MM/DD'));
Insert into KIOSK.STATISTICS (STATISTICSNO,STORENO,ENDPOINT,LEVELS,CHALLENGEDATE) values (1046,1,'사이드 변경',null,to_date('20/10/08','RR/MM/DD'));
Insert into KIOSK.STATISTICS (STATISTICSNO,STORENO,ENDPOINT,LEVELS,CHALLENGEDATE) values (1047,1,'주문전 메인',null,to_date('20/10/08','RR/MM/DD'));
Insert into KIOSK.STATISTICS (STATISTICSNO,STORENO,ENDPOINT,LEVELS,CHALLENGEDATE) values (1048,1,'주문전 메인',null,to_date('20/10/08','RR/MM/DD'));
Insert into KIOSK.STATISTICS (STATISTICSNO,STORENO,ENDPOINT,LEVELS,CHALLENGEDATE) values (1049,1,'주문전 메인',null,to_date('20/10/08','RR/MM/DD'));
Insert into KIOSK.STATISTICS (STATISTICSNO,STORENO,ENDPOINT,LEVELS,CHALLENGEDATE) values (1050,1,'주문전 메인',null,to_date('20/10/08','RR/MM/DD'));
Insert into KIOSK.STATISTICS (STATISTICSNO,STORENO,ENDPOINT,LEVELS,CHALLENGEDATE) values (1051,1,'세트 선택',null,to_date('20/10/08','RR/MM/DD'));
Insert into KIOSK.STATISTICS (STATISTICSNO,STORENO,ENDPOINT,LEVELS,CHALLENGEDATE) values (1052,1,'clear',null,to_date('20/10/08','RR/MM/DD'));
Insert into KIOSK.STATISTICS (STATISTICSNO,STORENO,ENDPOINT,LEVELS,CHALLENGEDATE) values (1053,1,'clear','쉬움',to_date('20/10/08','RR/MM/DD'));
Insert into KIOSK.STATISTICS (STATISTICSNO,STORENO,ENDPOINT,LEVELS,CHALLENGEDATE) values (1054,1,'세트 선택',null,to_date('20/10/08','RR/MM/DD'));
Insert into KIOSK.STATISTICS (STATISTICSNO,STORENO,ENDPOINT,LEVELS,CHALLENGEDATE) values (1055,1,'주문후 메인',null,to_date('20/10/08','RR/MM/DD'));
Insert into KIOSK.STATISTICS (STATISTICSNO,STORENO,ENDPOINT,LEVELS,CHALLENGEDATE) values (1056,1,'주문전 메인',null,to_date('20/10/08','RR/MM/DD'));
Insert into KIOSK.STATISTICS (STATISTICSNO,STORENO,ENDPOINT,LEVELS,CHALLENGEDATE) values (1057,1,'주문전 메인',null,to_date('20/10/08','RR/MM/DD'));
Insert into KIOSK.STATISTICS (STATISTICSNO,STORENO,ENDPOINT,LEVELS,CHALLENGEDATE) values (1058,1,'사이드 변경',null,to_date('20/10/13','RR/MM/DD'));
Insert into KIOSK.STATISTICS (STATISTICSNO,STORENO,ENDPOINT,LEVELS,CHALLENGEDATE) values (1059,1,'clear',null,to_date('20/10/13','RR/MM/DD'));
Insert into KIOSK.STATISTICS (STATISTICSNO,STORENO,ENDPOINT,LEVELS,CHALLENGEDATE) values (1060,1,'clear','어려움',to_date('20/10/13','RR/MM/DD'));
Insert into KIOSK.STATISTICS (STATISTICSNO,STORENO,ENDPOINT,LEVELS,CHALLENGEDATE) values (1061,2,'장소 선택전 결제',null,to_date('20/10/13','RR/MM/DD'));
Insert into KIOSK.STATISTICS (STATISTICSNO,STORENO,ENDPOINT,LEVELS,CHALLENGEDATE) values (1062,2,'장소 선택전 결제',null,to_date('20/10/13','RR/MM/DD'));
Insert into KIOSK.STATISTICS (STATISTICSNO,STORENO,ENDPOINT,LEVELS,CHALLENGEDATE) values (1063,2,'장소 선택전 결제',null,to_date('20/10/13','RR/MM/DD'));
Insert into KIOSK.STATISTICS (STATISTICSNO,STORENO,ENDPOINT,LEVELS,CHALLENGEDATE) values (1064,2,'주문전 메인',null,to_date('20/10/13','RR/MM/DD'));
Insert into KIOSK.STATISTICS (STATISTICSNO,STORENO,ENDPOINT,LEVELS,CHALLENGEDATE) values (1065,2,'주문전 메인',null,to_date('20/10/13','RR/MM/DD'));
Insert into KIOSK.STATISTICS (STATISTICSNO,STORENO,ENDPOINT,LEVELS,CHALLENGEDATE) values (1066,1,'주문후 메인',null,to_date('20/10/13','RR/MM/DD'));
Insert into KIOSK.STATISTICS (STATISTICSNO,STORENO,ENDPOINT,LEVELS,CHALLENGEDATE) values (1067,1,'주문전 메인',null,to_date('20/10/14','RR/MM/DD'));
Insert into KIOSK.STATISTICS (STATISTICSNO,STORENO,ENDPOINT,LEVELS,CHALLENGEDATE) values (1068,2,'주문전 메인',null,to_date('20/10/14','RR/MM/DD'));
Insert into KIOSK.STATISTICS (STATISTICSNO,STORENO,ENDPOINT,LEVELS,CHALLENGEDATE) values (1069,2,'장소 선택전 결제',null,to_date('20/10/14','RR/MM/DD'));
Insert into KIOSK.STATISTICS (STATISTICSNO,STORENO,ENDPOINT,LEVELS,CHALLENGEDATE) values (1070,2,'주문전 메인',null,to_date('20/10/14','RR/MM/DD'));
Insert into KIOSK.STATISTICS (STATISTICSNO,STORENO,ENDPOINT,LEVELS,CHALLENGEDATE) values (1071,2,'장소 선택전 결제',null,to_date('20/10/14','RR/MM/DD'));
Insert into KIOSK.STATISTICS (STATISTICSNO,STORENO,ENDPOINT,LEVELS,CHALLENGEDATE) values (1072,1,'장소 선택',null,to_date('20/10/15','RR/MM/DD'));
Insert into KIOSK.STATISTICS (STATISTICSNO,STORENO,ENDPOINT,LEVELS,CHALLENGEDATE) values (1073,1,'주문전 메인',null,to_date('20/10/15','RR/MM/DD'));
Insert into KIOSK.STATISTICS (STATISTICSNO,STORENO,ENDPOINT,LEVELS,CHALLENGEDATE) values (1074,1,'주문전 메인',null,to_date('20/10/15','RR/MM/DD'));
Insert into KIOSK.STATISTICS (STATISTICSNO,STORENO,ENDPOINT,LEVELS,CHALLENGEDATE) values (1075,1,'주문전 메인',null,to_date('20/10/15','RR/MM/DD'));
Insert into KIOSK.STATISTICS (STATISTICSNO,STORENO,ENDPOINT,LEVELS,CHALLENGEDATE) values (1076,1,'주문전 메인',null,to_date('20/10/15','RR/MM/DD'));
Insert into KIOSK.STATISTICS (STATISTICSNO,STORENO,ENDPOINT,LEVELS,CHALLENGEDATE) values (1077,1,'주문전 메인',null,to_date('20/10/15','RR/MM/DD'));
Insert into KIOSK.STATISTICS (STATISTICSNO,STORENO,ENDPOINT,LEVELS,CHALLENGEDATE) values (1078,1,'세트 선택',null,to_date('20/10/15','RR/MM/DD'));
Insert into KIOSK.STATISTICS (STATISTICSNO,STORENO,ENDPOINT,LEVELS,CHALLENGEDATE) values (1082,1,'결제',null,to_date('20/10/15','RR/MM/DD'));
Insert into KIOSK.STATISTICS (STATISTICSNO,STORENO,ENDPOINT,LEVELS,CHALLENGEDATE) values (1083,1,'clear','어려움',to_date('20/10/15','RR/MM/DD'));
Insert into KIOSK.STATISTICS (STATISTICSNO,STORENO,ENDPOINT,LEVELS,CHALLENGEDATE) values (1079,1,'clear','쉬움',to_date('20/10/15','RR/MM/DD'));
Insert into KIOSK.STATISTICS (STATISTICSNO,STORENO,ENDPOINT,LEVELS,CHALLENGEDATE) values (1084,1,'주문전 메인',null,to_date('20/10/15','RR/MM/DD'));
Insert into KIOSK.STATISTICS (STATISTICSNO,STORENO,ENDPOINT,LEVELS,CHALLENGEDATE) values (1085,1,'주문전 메인',null,to_date('20/10/15','RR/MM/DD'));
Insert into KIOSK.STATISTICS (STATISTICSNO,STORENO,ENDPOINT,LEVELS,CHALLENGEDATE) values (1086,1,'주문전 메인',null,to_date('20/10/15','RR/MM/DD'));
Insert into KIOSK.STATISTICS (STATISTICSNO,STORENO,ENDPOINT,LEVELS,CHALLENGEDATE) values (1087,1,'주문전 메인',null,to_date('20/10/15','RR/MM/DD'));
Insert into KIOSK.STATISTICS (STATISTICSNO,STORENO,ENDPOINT,LEVELS,CHALLENGEDATE) values (1088,1,'주문전 메인',null,to_date('20/10/15','RR/MM/DD'));
Insert into KIOSK.STATISTICS (STATISTICSNO,STORENO,ENDPOINT,LEVELS,CHALLENGEDATE) values (1089,1,'결제',null,to_date('20/10/15','RR/MM/DD'));
Insert into KIOSK.STATISTICS (STATISTICSNO,STORENO,ENDPOINT,LEVELS,CHALLENGEDATE) values (1090,1,'clear','어려움',to_date('20/10/15','RR/MM/DD'));
Insert into KIOSK.STATISTICS (STATISTICSNO,STORENO,ENDPOINT,LEVELS,CHALLENGEDATE) values (1091,1,'장소 선택',null,to_date('20/10/15','RR/MM/DD'));
REM INSERTING into KIOSK.STORE
SET DEFINE OFF;
Insert into KIOSK.STORE (STORENO,STORENAME,STORELOGO,USERNO) values (1,'kfc','kfclogo.png',1);
Insert into KIOSK.STORE (STORENO,STORENAME,STORELOGO,USERNO) values (2,'lotteria','lotteriaLogo.gif',2);
REM INSERTING into KIOSK.TEST
SET DEFINE OFF;
Insert into KIOSK.TEST (TEST1,TEST2) values (to_date('20/09/22','RR/MM/DD'),1);
Insert into KIOSK.TEST (TEST1,TEST2) values (to_date('20/08/22','RR/MM/DD'),1);
Insert into KIOSK.TEST (TEST1,TEST2) values (to_date('20/09/22','RR/MM/DD'),3);
REM INSERTING into KIOSK.TOPPING
SET DEFINE OFF;
Insert into KIOSK.TOPPING (TOPPINGNO,STORENO,TOPPINGNAME,TOPPINGPRICE,TOPPINGIMG) values (27,2,'토핑-베이컨',500,'topping_bacon.png');
Insert into KIOSK.TOPPING (TOPPINGNO,STORENO,TOPPINGNAME,TOPPINGPRICE,TOPPINGIMG) values (21,1,'치즈',300,'16020677843908f6171f5-2c8b-4dc9-bb06-9369935c0896.jpg');
Insert into KIOSK.TOPPING (TOPPINGNO,STORENO,TOPPINGNAME,TOPPINGPRICE,TOPPINGIMG) values (140,2,'토핑-비프패티',1200,'topping_beefPaty.png');
Insert into KIOSK.TOPPING (TOPPINGNO,STORENO,TOPPINGNAME,TOPPINGPRICE,TOPPINGIMG) values (28,2,'토핑-토마토',300,'topping_tomato.png');
Insert into KIOSK.TOPPING (TOPPINGNO,STORENO,TOPPINGNAME,TOPPINGPRICE,TOPPINGIMG) values (29,2,'토핑-L치즈',300,'topping_cheese.png');
Insert into KIOSK.TOPPING (TOPPINGNO,STORENO,TOPPINGNAME,TOPPINGPRICE,TOPPINGIMG) values (149,1,'베이컨',300,'16021272892279720aa4a-7013-400e-8573-59324b543eff.jpg');
REM INSERTING into KIOSK.USEMENU
SET DEFINE OFF;
Insert into KIOSK.USEMENU (MENUNO,SETNO) values (588,599);
Insert into KIOSK.USEMENU (MENUNO,SETNO) values (331,346);
Insert into KIOSK.USEMENU (MENUNO,SETNO) values (15,250);
Insert into KIOSK.USEMENU (MENUNO,SETNO) values (45,244);
Insert into KIOSK.USEMENU (MENUNO,SETNO) values (46,254);
Insert into KIOSK.USEMENU (MENUNO,SETNO) values (61,238);
Insert into KIOSK.USEMENU (MENUNO,SETNO) values (62,240);
Insert into KIOSK.USEMENU (MENUNO,SETNO) values (63,241);
Insert into KIOSK.USEMENU (MENUNO,SETNO) values (13,248);
Insert into KIOSK.USEMENU (MENUNO,SETNO) values (334,347);
Insert into KIOSK.USEMENU (MENUNO,SETNO) values (64,245);
Insert into KIOSK.USEMENU (MENUNO,SETNO) values (65,246);
Insert into KIOSK.USEMENU (MENUNO,SETNO) values (66,242);
Insert into KIOSK.USEMENU (MENUNO,SETNO) values (66,243);
Insert into KIOSK.USEMENU (MENUNO,SETNO) values (67,247);
Insert into KIOSK.USEMENU (MENUNO,SETNO) values (68,251);
Insert into KIOSK.USEMENU (MENUNO,SETNO) values (69,253);
Insert into KIOSK.USEMENU (MENUNO,SETNO) values (72,255);
Insert into KIOSK.USEMENU (MENUNO,SETNO) values (122,252);
Insert into KIOSK.USEMENU (MENUNO,SETNO) values (14,249);
Insert into KIOSK.USEMENU (MENUNO,SETNO) values (335,348);
Insert into KIOSK.USEMENU (MENUNO,SETNO) values (336,349);
Insert into KIOSK.USEMENU (MENUNO,SETNO) values (337,350);
Insert into KIOSK.USEMENU (MENUNO,SETNO) values (332,365);
REM INSERTING into KIOSK.USERS
SET DEFINE OFF;
Insert into KIOSK.USERS (USERNO,USERID,USERPW) values (1,'kfcAdmin','12');
Insert into KIOSK.USERS (USERNO,USERID,USERPW) values (2,'lotteria','12');
Insert into KIOSK.USERS (USERNO,USERID,USERPW) values (5,'test','test');
REM INSERTING into KIOSK.USETOPPING
SET DEFINE OFF;
Insert into KIOSK.USETOPPING (MENUNO,TOPPINGNO) values (14,27);
Insert into KIOSK.USETOPPING (MENUNO,TOPPINGNO) values (14,28);
Insert into KIOSK.USETOPPING (MENUNO,TOPPINGNO) values (14,29);
Insert into KIOSK.USETOPPING (MENUNO,TOPPINGNO) values (15,27);
Insert into KIOSK.USETOPPING (MENUNO,TOPPINGNO) values (15,28);
Insert into KIOSK.USETOPPING (MENUNO,TOPPINGNO) values (15,29);
Insert into KIOSK.USETOPPING (MENUNO,TOPPINGNO) values (583,21);
Insert into KIOSK.USETOPPING (MENUNO,TOPPINGNO) values (45,27);
Insert into KIOSK.USETOPPING (MENUNO,TOPPINGNO) values (45,28);
Insert into KIOSK.USETOPPING (MENUNO,TOPPINGNO) values (45,29);
Insert into KIOSK.USETOPPING (MENUNO,TOPPINGNO) values (259,21);
Insert into KIOSK.USETOPPING (MENUNO,TOPPINGNO) values (46,27);
Insert into KIOSK.USETOPPING (MENUNO,TOPPINGNO) values (46,28);
Insert into KIOSK.USETOPPING (MENUNO,TOPPINGNO) values (46,29);
Insert into KIOSK.USETOPPING (MENUNO,TOPPINGNO) values (73,149);
Insert into KIOSK.USETOPPING (MENUNO,TOPPINGNO) values (61,27);
Insert into KIOSK.USETOPPING (MENUNO,TOPPINGNO) values (61,28);
Insert into KIOSK.USETOPPING (MENUNO,TOPPINGNO) values (61,29);
Insert into KIOSK.USETOPPING (MENUNO,TOPPINGNO) values (62,27);
Insert into KIOSK.USETOPPING (MENUNO,TOPPINGNO) values (62,28);
Insert into KIOSK.USETOPPING (MENUNO,TOPPINGNO) values (62,29);
Insert into KIOSK.USETOPPING (MENUNO,TOPPINGNO) values (78,21);
Insert into KIOSK.USETOPPING (MENUNO,TOPPINGNO) values (63,27);
Insert into KIOSK.USETOPPING (MENUNO,TOPPINGNO) values (63,28);
Insert into KIOSK.USETOPPING (MENUNO,TOPPINGNO) values (63,29);
Insert into KIOSK.USETOPPING (MENUNO,TOPPINGNO) values (79,21);
Insert into KIOSK.USETOPPING (MENUNO,TOPPINGNO) values (13,27);
Insert into KIOSK.USETOPPING (MENUNO,TOPPINGNO) values (13,28);
Insert into KIOSK.USETOPPING (MENUNO,TOPPINGNO) values (13,29);
Insert into KIOSK.USETOPPING (MENUNO,TOPPINGNO) values (64,27);
Insert into KIOSK.USETOPPING (MENUNO,TOPPINGNO) values (64,28);
Insert into KIOSK.USETOPPING (MENUNO,TOPPINGNO) values (64,29);
Insert into KIOSK.USETOPPING (MENUNO,TOPPINGNO) values (259,149);
Insert into KIOSK.USETOPPING (MENUNO,TOPPINGNO) values (65,27);
Insert into KIOSK.USETOPPING (MENUNO,TOPPINGNO) values (65,28);
Insert into KIOSK.USETOPPING (MENUNO,TOPPINGNO) values (65,29);
Insert into KIOSK.USETOPPING (MENUNO,TOPPINGNO) values (66,27);
Insert into KIOSK.USETOPPING (MENUNO,TOPPINGNO) values (66,28);
Insert into KIOSK.USETOPPING (MENUNO,TOPPINGNO) values (66,29);
Insert into KIOSK.USETOPPING (MENUNO,TOPPINGNO) values (309,21);
Insert into KIOSK.USETOPPING (MENUNO,TOPPINGNO) values (67,27);
Insert into KIOSK.USETOPPING (MENUNO,TOPPINGNO) values (67,28);
Insert into KIOSK.USETOPPING (MENUNO,TOPPINGNO) values (67,29);
Insert into KIOSK.USETOPPING (MENUNO,TOPPINGNO) values (68,27);
Insert into KIOSK.USETOPPING (MENUNO,TOPPINGNO) values (68,28);
Insert into KIOSK.USETOPPING (MENUNO,TOPPINGNO) values (68,29);
Insert into KIOSK.USETOPPING (MENUNO,TOPPINGNO) values (71,21);
Insert into KIOSK.USETOPPING (MENUNO,TOPPINGNO) values (69,27);
Insert into KIOSK.USETOPPING (MENUNO,TOPPINGNO) values (69,28);
Insert into KIOSK.USETOPPING (MENUNO,TOPPINGNO) values (69,29);
Insert into KIOSK.USETOPPING (MENUNO,TOPPINGNO) values (72,27);
Insert into KIOSK.USETOPPING (MENUNO,TOPPINGNO) values (72,28);
Insert into KIOSK.USETOPPING (MENUNO,TOPPINGNO) values (72,29);
Insert into KIOSK.USETOPPING (MENUNO,TOPPINGNO) values (77,21);
Insert into KIOSK.USETOPPING (MENUNO,TOPPINGNO) values (122,27);
Insert into KIOSK.USETOPPING (MENUNO,TOPPINGNO) values (122,28);
Insert into KIOSK.USETOPPING (MENUNO,TOPPINGNO) values (122,29);
Insert into KIOSK.USETOPPING (MENUNO,TOPPINGNO) values (73,21);
Insert into KIOSK.USETOPPING (MENUNO,TOPPINGNO) values (13,140);
Insert into KIOSK.USETOPPING (MENUNO,TOPPINGNO) values (15,140);
Insert into KIOSK.USETOPPING (MENUNO,TOPPINGNO) values (45,140);
Insert into KIOSK.USETOPPING (MENUNO,TOPPINGNO) values (46,140);
Insert into KIOSK.USETOPPING (MENUNO,TOPPINGNO) values (61,140);
Insert into KIOSK.USETOPPING (MENUNO,TOPPINGNO) values (62,140);
Insert into KIOSK.USETOPPING (MENUNO,TOPPINGNO) values (63,140);
Insert into KIOSK.USETOPPING (MENUNO,TOPPINGNO) values (64,140);
Insert into KIOSK.USETOPPING (MENUNO,TOPPINGNO) values (65,140);
Insert into KIOSK.USETOPPING (MENUNO,TOPPINGNO) values (66,140);
Insert into KIOSK.USETOPPING (MENUNO,TOPPINGNO) values (67,140);
Insert into KIOSK.USETOPPING (MENUNO,TOPPINGNO) values (68,140);
Insert into KIOSK.USETOPPING (MENUNO,TOPPINGNO) values (69,140);
Insert into KIOSK.USETOPPING (MENUNO,TOPPINGNO) values (72,140);
Insert into KIOSK.USETOPPING (MENUNO,TOPPINGNO) values (122,140);
Insert into KIOSK.USETOPPING (MENUNO,TOPPINGNO) values (258,21);
Insert into KIOSK.USETOPPING (MENUNO,TOPPINGNO) values (76,21);
Insert into KIOSK.USETOPPING (MENUNO,TOPPINGNO) values (601,21);
--------------------------------------------------------
--  Constraints for Table CATEGORY
--------------------------------------------------------

  ALTER TABLE "KIOSK"."CATEGORY" ADD PRIMARY KEY ("CATEGORYNO")
  USING INDEX PCTFREE 10 INITRANS 2 MAXTRANS 255 COMPUTE STATISTICS 
  STORAGE(INITIAL 65536 NEXT 1048576 MINEXTENTS 1 MAXEXTENTS 2147483645
  PCTINCREASE 0 FREELISTS 1 FREELIST GROUPS 1 BUFFER_POOL DEFAULT FLASH_CACHE DEFAULT CELL_FLASH_CACHE DEFAULT)
  TABLESPACE "SYSTEM"  ENABLE;
  ALTER TABLE "KIOSK"."CATEGORY" MODIFY ("PUBLICYN" NOT NULL ENABLE);
  ALTER TABLE "KIOSK"."CATEGORY" MODIFY ("CATEGORYNAME" NOT NULL ENABLE);
  ALTER TABLE "KIOSK"."CATEGORY" MODIFY ("STORENO" NOT NULL ENABLE);
--------------------------------------------------------
--  Constraints for Table USERS
--------------------------------------------------------

  ALTER TABLE "KIOSK"."USERS" ADD UNIQUE ("USERID")
  USING INDEX PCTFREE 10 INITRANS 2 MAXTRANS 255 COMPUTE STATISTICS 
  STORAGE(INITIAL 65536 NEXT 1048576 MINEXTENTS 1 MAXEXTENTS 2147483645
  PCTINCREASE 0 FREELISTS 1 FREELIST GROUPS 1 BUFFER_POOL DEFAULT FLASH_CACHE DEFAULT CELL_FLASH_CACHE DEFAULT)
  TABLESPACE "SYSTEM"  ENABLE;
  ALTER TABLE "KIOSK"."USERS" ADD PRIMARY KEY ("USERNO")
  USING INDEX PCTFREE 10 INITRANS 2 MAXTRANS 255 COMPUTE STATISTICS 
  STORAGE(INITIAL 65536 NEXT 1048576 MINEXTENTS 1 MAXEXTENTS 2147483645
  PCTINCREASE 0 FREELISTS 1 FREELIST GROUPS 1 BUFFER_POOL DEFAULT FLASH_CACHE DEFAULT CELL_FLASH_CACHE DEFAULT)
  TABLESPACE "SYSTEM"  ENABLE;
  ALTER TABLE "KIOSK"."USERS" MODIFY ("USERID" NOT NULL ENABLE);
--------------------------------------------------------
--  Constraints for Table INFO
--------------------------------------------------------

  ALTER TABLE "KIOSK"."INFO" ADD PRIMARY KEY ("INFONO")
  USING INDEX PCTFREE 10 INITRANS 2 MAXTRANS 255 COMPUTE STATISTICS 
  STORAGE(INITIAL 65536 NEXT 1048576 MINEXTENTS 1 MAXEXTENTS 2147483645
  PCTINCREASE 0 FREELISTS 1 FREELIST GROUPS 1 BUFFER_POOL DEFAULT FLASH_CACHE DEFAULT CELL_FLASH_CACHE DEFAULT)
  TABLESPACE "SYSTEM"  ENABLE;
--------------------------------------------------------
--  Constraints for Table STATISTICS
--------------------------------------------------------

  ALTER TABLE "KIOSK"."STATISTICS" ADD PRIMARY KEY ("STATISTICSNO")
  USING INDEX PCTFREE 10 INITRANS 2 MAXTRANS 255 COMPUTE STATISTICS 
  STORAGE(INITIAL 65536 NEXT 1048576 MINEXTENTS 1 MAXEXTENTS 2147483645
  PCTINCREASE 0 FREELISTS 1 FREELIST GROUPS 1 BUFFER_POOL DEFAULT FLASH_CACHE DEFAULT CELL_FLASH_CACHE DEFAULT)
  TABLESPACE "SYSTEM"  ENABLE;
  ALTER TABLE "KIOSK"."STATISTICS" MODIFY ("CHALLENGEDATE" NOT NULL ENABLE);
--------------------------------------------------------
--  Constraints for Table STORE
--------------------------------------------------------

  ALTER TABLE "KIOSK"."STORE" ADD UNIQUE ("STORENAME")
  USING INDEX PCTFREE 10 INITRANS 2 MAXTRANS 255 COMPUTE STATISTICS 
  STORAGE(INITIAL 65536 NEXT 1048576 MINEXTENTS 1 MAXEXTENTS 2147483645
  PCTINCREASE 0 FREELISTS 1 FREELIST GROUPS 1 BUFFER_POOL DEFAULT FLASH_CACHE DEFAULT CELL_FLASH_CACHE DEFAULT)
  TABLESPACE "SYSTEM"  ENABLE;
  ALTER TABLE "KIOSK"."STORE" ADD PRIMARY KEY ("STORENO")
  USING INDEX PCTFREE 10 INITRANS 2 MAXTRANS 255 COMPUTE STATISTICS 
  STORAGE(INITIAL 65536 NEXT 1048576 MINEXTENTS 1 MAXEXTENTS 2147483645
  PCTINCREASE 0 FREELISTS 1 FREELIST GROUPS 1 BUFFER_POOL DEFAULT FLASH_CACHE DEFAULT CELL_FLASH_CACHE DEFAULT)
  TABLESPACE "SYSTEM"  ENABLE;
  ALTER TABLE "KIOSK"."STORE" MODIFY ("STORELOGO" NOT NULL ENABLE);
  ALTER TABLE "KIOSK"."STORE" MODIFY ("STORENAME" NOT NULL ENABLE);
--------------------------------------------------------
--  Constraints for Table SETUNIT
--------------------------------------------------------

  ALTER TABLE "KIOSK"."SETUNIT" ADD PRIMARY KEY ("UNITNO")
  USING INDEX PCTFREE 10 INITRANS 2 MAXTRANS 255 COMPUTE STATISTICS 
  STORAGE(INITIAL 65536 NEXT 1048576 MINEXTENTS 1 MAXEXTENTS 2147483645
  PCTINCREASE 0 FREELISTS 1 FREELIST GROUPS 1 BUFFER_POOL DEFAULT FLASH_CACHE DEFAULT CELL_FLASH_CACHE DEFAULT)
  TABLESPACE "SYSTEM"  ENABLE;
--------------------------------------------------------
--  Constraints for Table USETOPPING
--------------------------------------------------------

  ALTER TABLE "KIOSK"."USETOPPING" MODIFY ("TOPPINGNO" NOT NULL ENABLE);
  ALTER TABLE "KIOSK"."USETOPPING" MODIFY ("MENUNO" NOT NULL ENABLE);
--------------------------------------------------------
--  Constraints for Table TOPPING
--------------------------------------------------------

  ALTER TABLE "KIOSK"."TOPPING" ADD PRIMARY KEY ("TOPPINGNO")
  USING INDEX PCTFREE 10 INITRANS 2 MAXTRANS 255 COMPUTE STATISTICS 
  STORAGE(INITIAL 65536 NEXT 1048576 MINEXTENTS 1 MAXEXTENTS 2147483645
  PCTINCREASE 0 FREELISTS 1 FREELIST GROUPS 1 BUFFER_POOL DEFAULT FLASH_CACHE DEFAULT CELL_FLASH_CACHE DEFAULT)
  TABLESPACE "SYSTEM"  ENABLE;
  ALTER TABLE "KIOSK"."TOPPING" MODIFY ("TOPPINGIMG" NOT NULL ENABLE);
  ALTER TABLE "KIOSK"."TOPPING" MODIFY ("TOPPINGPRICE" NOT NULL ENABLE);
  ALTER TABLE "KIOSK"."TOPPING" MODIFY ("TOPPINGNAME" NOT NULL ENABLE);
  ALTER TABLE "KIOSK"."TOPPING" MODIFY ("STORENO" NOT NULL ENABLE);
--------------------------------------------------------
--  Constraints for Table MENU
--------------------------------------------------------

  ALTER TABLE "KIOSK"."MENU" MODIFY ("THUMBNAILIMG" NOT NULL ENABLE);
  ALTER TABLE "KIOSK"."MENU" MODIFY ("EDITIMG" NOT NULL ENABLE);
  ALTER TABLE "KIOSK"."MENU" ADD PRIMARY KEY ("MENUNO")
  USING INDEX PCTFREE 10 INITRANS 2 MAXTRANS 255 COMPUTE STATISTICS 
  STORAGE(INITIAL 65536 NEXT 1048576 MINEXTENTS 1 MAXEXTENTS 2147483645
  PCTINCREASE 0 FREELISTS 1 FREELIST GROUPS 1 BUFFER_POOL DEFAULT FLASH_CACHE DEFAULT CELL_FLASH_CACHE DEFAULT)
  TABLESPACE "SYSTEM"  ENABLE;
  ALTER TABLE "KIOSK"."MENU" MODIFY ("DISCOUNT" NOT NULL ENABLE);
  ALTER TABLE "KIOSK"."MENU" MODIFY ("ISCHANGE" NOT NULL ENABLE);
  ALTER TABLE "KIOSK"."MENU" MODIFY ("ISSPECIAL" NOT NULL ENABLE);
  ALTER TABLE "KIOSK"."MENU" MODIFY ("MENUIMG" NOT NULL ENABLE);
  ALTER TABLE "KIOSK"."MENU" MODIFY ("MENUPRICE" NOT NULL ENABLE);
  ALTER TABLE "KIOSK"."MENU" MODIFY ("MENUDESC" NOT NULL ENABLE);
  ALTER TABLE "KIOSK"."MENU" MODIFY ("MENUNAME" NOT NULL ENABLE);
  ALTER TABLE "KIOSK"."MENU" MODIFY ("CATEGORYNO" NOT NULL ENABLE);
--------------------------------------------------------
--  Ref Constraints for Table CATEGORY
--------------------------------------------------------

  ALTER TABLE "KIOSK"."CATEGORY" ADD CONSTRAINT "FK_STORE_CATEGORY_STORENO" FOREIGN KEY ("STORENO")
	  REFERENCES "KIOSK"."STORE" ("STORENO") ENABLE;
--------------------------------------------------------
--  Ref Constraints for Table DEFAULTMENU
--------------------------------------------------------

  ALTER TABLE "KIOSK"."DEFAULTMENU" ADD CONSTRAINT "FK_DEFAULTMENU_MENUNO" FOREIGN KEY ("MENUNO")
	  REFERENCES "KIOSK"."MENU" ("MENUNO") ENABLE;
  ALTER TABLE "KIOSK"."DEFAULTMENU" ADD CONSTRAINT "FK_DEFAULTMENU_UNITNO" FOREIGN KEY ("UNITNO")
	  REFERENCES "KIOSK"."SETUNIT" ("UNITNO") ENABLE;
--------------------------------------------------------
--  Ref Constraints for Table INFO
--------------------------------------------------------

  ALTER TABLE "KIOSK"."INFO" ADD CONSTRAINT "C_INFO_FK" FOREIGN KEY ("MENUNO")
	  REFERENCES "KIOSK"."MENU" ("MENUNO") ENABLE;
--------------------------------------------------------
--  Ref Constraints for Table MENU
--------------------------------------------------------

  ALTER TABLE "KIOSK"."MENU" ADD CONSTRAINT "FK_CATEGORYNO_MENU_CATEGORYNO" FOREIGN KEY ("CATEGORYNO")
	  REFERENCES "KIOSK"."CATEGORY" ("CATEGORYNO") ENABLE;
  ALTER TABLE "KIOSK"."MENU" ADD CONSTRAINT "FK_MENU_UNITNO" FOREIGN KEY ("UNITNO")
	  REFERENCES "KIOSK"."SETUNIT" ("UNITNO") ENABLE;
--------------------------------------------------------
--  Ref Constraints for Table PROMOTIONMENU
--------------------------------------------------------

  ALTER TABLE "KIOSK"."PROMOTIONMENU" ADD CONSTRAINT "FK_PROMOTIONMENU_MENUNO" FOREIGN KEY ("MENUNO")
	  REFERENCES "KIOSK"."MENU" ("MENUNO") ENABLE;
  ALTER TABLE "KIOSK"."PROMOTIONMENU" ADD CONSTRAINT "FK_PROMOTIONMENU_PROMOTIONNO" FOREIGN KEY ("PROMOTIONNO")
	  REFERENCES "KIOSK"."MENU" ("MENUNO") ENABLE;
--------------------------------------------------------
--  Ref Constraints for Table SETUNIT
--------------------------------------------------------

  ALTER TABLE "KIOSK"."SETUNIT" ADD CONSTRAINT "STORE_SETUNIT_STORENO" FOREIGN KEY ("STORENO")
	  REFERENCES "KIOSK"."STORE" ("STORENO") ENABLE;
--------------------------------------------------------
--  Ref Constraints for Table SPECIALMENU
--------------------------------------------------------

  ALTER TABLE "KIOSK"."SPECIALMENU" ADD CONSTRAINT "FK_SPECIALMENU_MENU_MENUNO" FOREIGN KEY ("MENUNO")
	  REFERENCES "KIOSK"."MENU" ("MENUNO") ENABLE;
  ALTER TABLE "KIOSK"."SPECIALMENU" ADD CONSTRAINT "FK_SPECIALMENU_STORE_STORENO" FOREIGN KEY ("STORENO")
	  REFERENCES "KIOSK"."STORE" ("STORENO") ENABLE;
--------------------------------------------------------
--  Ref Constraints for Table STATISTICS
--------------------------------------------------------

  ALTER TABLE "KIOSK"."STATISTICS" ADD CONSTRAINT "FK_STATISTICES_STORENO" FOREIGN KEY ("STORENO")
	  REFERENCES "KIOSK"."STORE" ("STORENO") ON DELETE CASCADE ENABLE;
--------------------------------------------------------
--  Ref Constraints for Table STORE
--------------------------------------------------------

  ALTER TABLE "KIOSK"."STORE" ADD CONSTRAINT "USERS_STORE_USERNO" FOREIGN KEY ("USERNO")
	  REFERENCES "KIOSK"."USERS" ("USERNO") ENABLE;
--------------------------------------------------------
--  Ref Constraints for Table TOPPING
--------------------------------------------------------

  ALTER TABLE "KIOSK"."TOPPING" ADD CONSTRAINT "FK_STORE_TOPPING_STORENO" FOREIGN KEY ("STORENO")
	  REFERENCES "KIOSK"."STORE" ("STORENO") ENABLE;
--------------------------------------------------------
--  Ref Constraints for Table USEMENU
--------------------------------------------------------

  ALTER TABLE "KIOSK"."USEMENU" ADD CONSTRAINT "FK_USEMENU_MENUNO" FOREIGN KEY ("MENUNO")
	  REFERENCES "KIOSK"."MENU" ("MENUNO") ENABLE;
  ALTER TABLE "KIOSK"."USEMENU" ADD CONSTRAINT "FK_USEMENU_SETNO" FOREIGN KEY ("SETNO")
	  REFERENCES "KIOSK"."MENU" ("MENUNO") ENABLE;
--------------------------------------------------------
--  Ref Constraints for Table USETOPPING
--------------------------------------------------------

  ALTER TABLE "KIOSK"."USETOPPING" ADD CONSTRAINT "FK_MENU_UT_MENUNO" FOREIGN KEY ("MENUNO")
	  REFERENCES "KIOSK"."MENU" ("MENUNO") ON DELETE CASCADE ENABLE;
  ALTER TABLE "KIOSK"."USETOPPING" ADD CONSTRAINT "FK_TOPPING_UT_TOPPINGNO" FOREIGN KEY ("TOPPINGNO")
	  REFERENCES "KIOSK"."TOPPING" ("TOPPINGNO") ON DELETE CASCADE ENABLE;
